{"initial state": "pp", "order": "NNLOapprox+NNLL", "source": "hepi-0.2.5.6+dirty", "contact": "?", "tool": "Resummino-resummino 3.1.1-dev", "process_latex": "$\\tilde{\\chi}_{1}^{0}\\tilde{\\chi}_{2}^{0}$", "comment": "0.0.0", "reference": "?", "Ecom [GeV]": "13000", "process_id": "pp_13000_1000022_1000023", "PDF set": "PDF4LHC21_40", "data": {"80.0": {"80.75": {"xsec_pb": 8.1129011, "unc_up_pb": 0.3044499917521898, "unc_down_pb": -0.37881159304158996}, "81.0": {"xsec_pb": 8.008781, "unc_up_pb": 0.299441687116485, "unc_down_pb": -0.37280696613412323}, "81.5": {"xsec_pb": 7.8040422, "unc_up_pb": 0.291163682101356, "unc_down_pb": -0.36078578979696563}, "82.5": {"xsec_pb": 7.4152015, "unc_up_pb": 0.27644737521849133, "unc_down_pb": -0.34124523428817827}, "85.0": {"xsec_pb": 6.5442761, "unc_up_pb": 0.24088195751186836, "unc_down_pb": -0.2933944392367045}, "87.5": {"xsec_pb": 5.7979852, "unc_up_pb": 0.21056437049823068, "unc_down_pb": -0.25427444703791274}, "90.0": {"xsec_pb": 5.1561905, "unc_up_pb": 0.18566380021112144, "unc_down_pb": -0.22252585642103567}, "95.0": {"xsec_pb": 4.1172343, "unc_up_pb": 0.148423471961915, "unc_down_pb": -0.17344046435255303}, "100.0": {"xsec_pb": 3.3277342, "unc_up_pb": 0.11603671303641683, "unc_down_pb": -0.1343368901465487}, "110.0": {"xsec_pb": 2.2410099, "unc_up_pb": 0.07716343149297962, "unc_down_pb": -0.08666034421822828}}, "60.0": {"80.0": {"xsec_pb": 7.9737214, "unc_up_pb": 0.2984777904962903, "unc_down_pb": -0.37280204075153156}, "90.0": {"xsec_pb": 4.7137862, "unc_up_pb": 0.16991872411573605, "unc_down_pb": -0.20292081716095534}}, "100.0": {"100.75": {"xsec_pb": 3.3489559, "unc_up_pb": 0.11674047202363716, "unc_down_pb": -0.13542737467089697}, "101.0": {"xsec_pb": 3.3168245, "unc_up_pb": 0.11583089101256525, "unc_down_pb": -0.1340817041546488}, "101.5": {"xsec_pb": 3.2539222, "unc_up_pb": 0.11361552770965144, "unc_down_pb": -0.13119167706181856}, "102.5": {"xsec_pb": 3.1325429, "unc_up_pb": 0.10877630647933588, "unc_down_pb": -0.12558374257922988}, "105.0": {"xsec_pb": 2.8519892, "unc_up_pb": 0.09734006336718164, "unc_down_pb": -0.11192812657293498}, "107.5": {"xsec_pb": 2.6011838, "unc_up_pb": 0.08926234596902405, "unc_down_pb": -0.10156011746770344}, "110.0": {"xsec_pb": 2.3764107, "unc_up_pb": 0.08122687071788534, "unc_down_pb": -0.09159565449725268}, "115.0": {"xsec_pb": 1.9930947, "unc_up_pb": 0.068038361927481, "unc_down_pb": -0.07540452023191255}, "120.0": {"xsec_pb": 1.6822057, "unc_up_pb": 0.05725079538602977, "unc_down_pb": -0.06243470832047664}, "130.0": {"xsec_pb": 1.219318, "unc_up_pb": 0.041303401924045136, "unc_down_pb": -0.04439019750462048}}, "125.0": {"125.75": {"xsec_pb": 1.4463364, "unc_up_pb": 0.04901775830089901, "unc_down_pb": -0.05304813387825598}, "126.0": {"xsec_pb": 1.435648, "unc_up_pb": 0.048380671336376635, "unc_down_pb": -0.05244704021466312}, "126.5": {"xsec_pb": 1.4144662, "unc_up_pb": 0.04773563623092611, "unc_down_pb": -0.05169306948674332}, "127.5": {"xsec_pb": 1.3731352, "unc_up_pb": 0.04642611947287871, "unc_down_pb": -0.05010171561194292}, "130.0": {"xsec_pb": 1.276019, "unc_up_pb": 0.0430726534925584, "unc_down_pb": -0.046335743121805995}, "132.5": {"xsec_pb": 1.1867856, "unc_up_pb": 0.03998928903822352, "unc_down_pb": -0.04292474542478486}, "135.0": {"xsec_pb": 1.1046658, "unc_up_pb": 0.037270507232756114, "unc_down_pb": -0.03962296306520892}, "140.0": {"xsec_pb": 0.95983053, "unc_up_pb": 0.03232326529804415, "unc_down_pb": -0.03426151111027849}, "145.0": {"xsec_pb": 0.83686697, "unc_up_pb": 0.02818442066831196, "unc_down_pb": -0.02968160368854723}, "155.0": {"xsec_pb": 0.64250386, "unc_up_pb": 0.02181833115880871, "unc_down_pb": -0.0227221078792692}}, "150.0": {"151.0": {"xsec_pb": 0.73167322, "unc_up_pb": 0.0247166883791647, "unc_down_pb": -0.025836237017511546}, "151.5": {"xsec_pb": 0.72268369, "unc_up_pb": 0.024516566297615543, "unc_down_pb": -0.025599566510456345}, "152.5": {"xsec_pb": 0.70509075, "unc_up_pb": 0.023873302637018423, "unc_down_pb": -0.024859477152341214}, "155.0": {"xsec_pb": 0.66335026, "unc_up_pb": 0.022486880469644054, "unc_down_pb": -0.023419246783313828}, "157.5": {"xsec_pb": 0.6243421, "unc_up_pb": 0.02125857532189704, "unc_down_pb": -0.02210020857886355}, "160.0": {"xsec_pb": 0.5879829, "unc_up_pb": 0.02002708365032574, "unc_down_pb": -0.020810265095799252}, "165.0": {"xsec_pb": 0.52236944, "unc_up_pb": 0.017671971667697392, "unc_down_pb": -0.018306631971203732}, "170.0": {"xsec_pb": 0.46506384, "unc_up_pb": 0.016035112071253646, "unc_down_pb": -0.016537982307118462}, "180.0": {"xsec_pb": 0.37100831, "unc_up_pb": 0.012940346055475345, "unc_down_pb": -0.013257184703086795}}, "175.0": {"176.5": {"xsec_pb": 0.40910004, "unc_up_pb": 0.014163015691251262, "unc_down_pb": -0.014520890829044546}, "177.5": {"xsec_pb": 0.40048042, "unc_up_pb": 0.013954372594512918, "unc_down_pb": -0.014288010376549684}, "180.0": {"xsec_pb": 0.37988667, "unc_up_pb": 0.013291217514560447, "unc_down_pb": -0.01360063304050799}, "182.5": {"xsec_pb": 0.36049712, "unc_up_pb": 0.012590366022105644, "unc_down_pb": -0.01288327817045379}, "185.0": {"xsec_pb": 0.34219425, "unc_up_pb": 0.011986870059738329, "unc_down_pb": -0.012244288752963593}}, "200.0": {"201.0": {"xsec_pb": 0.25107192, "unc_up_pb": 0.009031281084134968, "unc_down_pb": -0.009169262735910334}, "201.5": {"xsec_pb": 0.24870836, "unc_up_pb": 0.008927311152084536, "unc_down_pb": -0.009056612889454505}, "202.5": {"xsec_pb": 0.24408324, "unc_up_pb": 0.008755454040037528, "unc_down_pb": -0.008881181369992944}, "205.0": {"xsec_pb": 0.23292149, "unc_up_pb": 0.00841351256895084, "unc_down_pb": -0.008526829717632075}, "207.5": {"xsec_pb": 0.22233997, "unc_up_pb": 0.008047882641200325, "unc_down_pb": -0.008147691734554822}, "210.0": {"xsec_pb": 0.21230955, "unc_up_pb": 0.007719116982074739, "unc_down_pb": -0.007822469575808857}, "215.0": {"xsec_pb": 0.19367991, "unc_up_pb": 0.007100168267781594, "unc_down_pb": -0.007171153016197142}, "220.0": {"xsec_pb": 0.17691566, "unc_up_pb": 0.006552754188252505, "unc_down_pb": -0.006609251896823196}, "230.0": {"xsec_pb": 0.14811329, "unc_up_pb": 0.005563874979006075, "unc_down_pb": -0.005608311918617778}}, "225.0": {"227.5": {"xsec_pb": 0.1567742, "unc_up_pb": 0.005870803254394798, "unc_down_pb": -0.005917434657037847}, "230.0": {"xsec_pb": 0.15031174, "unc_up_pb": 0.005642232945350811, "unc_down_pb": -0.005692956040872099}, "232.5": {"xsec_pb": 0.14412229, "unc_up_pb": 0.00543374755014835, "unc_down_pb": -0.005474987034755675}}, "250.0": {"251.0": {"xsec_pb": 0.10735321, "unc_up_pb": 0.0041790602902947, "unc_down_pb": -0.004201121976165189}, "251.5": {"xsec_pb": 0.1065239, "unc_up_pb": 0.004152339369032008, "unc_down_pb": -0.004173670154913187}, "252.5": {"xsec_pb": 0.10489002, "unc_up_pb": 0.00409392569799711, "unc_down_pb": -0.004115437512491361}, "255.0": {"xsec_pb": 0.10092434, "unc_up_pb": 0.003968052479752627, "unc_down_pb": -0.003986055775747622}, "257.5": {"xsec_pb": 0.097116536, "unc_up_pb": 0.0038468478907338244, "unc_down_pb": -0.003861748535860705}, "260.0": {"xsec_pb": 0.093473209, "unc_up_pb": 0.0037006307891198605, "unc_down_pb": -0.0037133735343723136}, "265.0": {"xsec_pb": 0.086633237, "unc_up_pb": 0.0034602961431671234, "unc_down_pb": -0.003469579044436987}, "270.0": {"xsec_pb": 0.080348449, "unc_up_pb": 0.0032368844689820977, "unc_down_pb": -0.003244804742623119}, "280.0": {"xsec_pb": 0.06925465, "unc_up_pb": 0.002841786632725764, "unc_down_pb": -0.002846484789732558}}, "300.0": {"301.0": {"xsec_pb": 0.05248616, "unc_up_pb": 0.0022277332374138216, "unc_down_pb": -0.002229581526450698}, "301.5": {"xsec_pb": 0.052138017, "unc_up_pb": 0.0022159198899485287, "unc_down_pb": -0.0022177474099735754}, "302.5": {"xsec_pb": 0.051449269, "unc_up_pb": 0.0021816383014026893, "unc_down_pb": -0.00218342023583785}, "305.0": {"xsec_pb": 0.049775408, "unc_up_pb": 0.00212161341276601, "unc_down_pb": -0.002124386431115496}, "307.5": {"xsec_pb": 0.048155966,