{
    "initial state": "pp",
    "order": "NNLOapprox+NNLL",
    "source": "hepi-0.2.17.12",
    "contact": "Alexander Puck Neuwirth <alexander@neuwirth-informatik.de>",
    "tool": "Resummino-resummino 3.1.2-dev",
    "process_latex": "$\\tilde{e}_{L}^{-}\\overline{\\tilde{\\nu}}_{eL}$",
    "comment": "0.0.0",
    "reference": "?",
    "Ecom [GeV]": "13000",
    "process_id": "pp_13000_1000011_-1000012",
    "PDF set": "PDF4LHC21_40",
    "parameters": [
        [
            "mass_1000011_-1000012"
        ]
    ],
    "data": {
        "50": {
            "xsec_pb": 9.1849392,
            "unc_up_pb": 0.71824486990435,
            "unc_down_pb": -0.6820290582657409,
            "unc_scale_up_pb": 0.680300599999998,
            "unc_scale_down_pb": -0.641947700000002,
            "unc_pdf_up_pb": 0.23036229462210184,
            "unc_pdf_down_pb": -0.23036229462210184
        },
        "60": {
            "xsec_pb": 3.8622362,
            "unc_up_pb": 0.29202119352137323,
            "unc_down_pb": -0.23625746083128707,
            "unc_scale_up_pb": 0.27380980000000044,
            "unc_scale_down_pb": -0.2133377999999997,
            "unc_pdf_up_pb": 0.10151143230989883,
            "unc_pdf_down_pb": -0.10151143230989883
        },
        "70": {
            "xsec_pb": 2.0248348,
            "unc_up_pb": 0.14790674437057993,
            "unc_down_pb": -0.1202741415540094,
            "unc_scale_up_pb": 0.13721560000000044,
            "unc_scale_down_pb": -0.1068530999999997,
            "unc_pdf_up_pb": 0.0552112682968247,
            "unc_pdf_down_pb": -0.0552112682968247
        },
        "80": {
            "xsec_pb": 1.1911552,
            "unc_up_pb": 0.08499891366280321,
            "unc_down_pb": -0.06980544613034645,
            "unc_scale_up_pb": 0.07787970000000011,
            "unc_scale_down_pb": -0.06093629999999994,
            "unc_pdf_up_pb": 0.03405242504971832,
            "unc_pdf_down_pb": -0.03405242504971832
        },
        "90": {
            "xsec_pb": 0.75458697,
            "unc_up_pb": 0.052843469400464,
            "unc_down_pb": -0.04362504251925567,
            "unc_scale_up_pb": 0.047888530000000096,
            "unc_scale_down_pb": -0.0374702999999999,
            "unc_pdf_up_pb": 0.022341015033271634,
            "unc_pdf_down_pb": -0.022341015033271634
        },
        "100": {
            "xsec_pb": 0.5039882,
            "unc_up_pb": 0.03480375070603347,
            "unc_down_pb": -0.028958616672607677,
            "unc_scale_up_pb": 0.03109943999999995,
            "unc_scale_down_pb": -0.02438187,
            "unc_pdf_up_pb": 0.015624528629502069,
            "unc_pdf_down_pb": -0.015624528629502069
        },
        "110": {
            "xsec_pb": 0.35041863,
            "unc_up_pb": 0.023870064949132026,
            "unc_down_pb": -0.019972865518292145,
            "unc_scale_up_pb": 0.02108637999999996,
            "unc_scale_down_pb": -0.01654602000000005,
            "unc_pdf_up_pb": 0.011186803796052833,
            "unc_pdf_down_pb": -0.011186803796052833
        },
        "120": {
            "xsec_pb": 0.25151196,
            "unc_up_pb": 0.017007961328921788,
            "unc_down_pb": -0.014336917537591469,
            "unc_scale_up_pb": 0.014789579999999983,
            "unc_scale_down_pb": -0.011619300000000013,
            "unc_pdf_up_pb": 0.00839875419271801,
            "unc_pdf_down_pb": -0.00839875419271801
        },
        "130": {
            "xsec_pb": 0.18526036,
            "unc_up_pb": 0.012394388593307784,
            "unc_down_pb": -0.010543970863840582,
            "unc_scale_up_pb": 0.010628699999999977,
            "unc_scale_down_pb": -0.008397840000000031,
            "unc_pdf_up_pb": 0.00637586111140437,
            "unc_pdf_down_pb": -0.00637586111140437
        },
        "140": {
            "xsec_pb": 0.13937387,
            "unc_up_pb": 0.00927751694551204,
            "unc_down_pb": -0.007951681661105655,
            "unc_scale_up_pb": 0.007831859999999996,
            "unc_scale_down_pb": -0.006204430000000011,
            "unc_pdf_up_pb": 0.004973357981752721,
            "unc_pdf_down_pb": -0.004973357981752721
        },
        "150": {
            "xsec_pb": 0.10681355,
            "unc_up_pb": 0.007092203916107487,
            "unc_down_pb": -0.006122660422304194,
            "unc_scale_up_pb": 0.005891019999999997,
            "unc_scale_down_pb": -0.004678860000000007,
            "unc_pdf_up_pb": 0.003949080873728752,
            "unc_pdf_down_pb": -0.003949080873728752
        },
        "160": {
            "xsec_pb": 0.083134367,
            "unc_up_pb": 0.0055115045692432085,
            "unc_down_pb": -0.004791708672097855,
            "unc_scale_up_pb": 0.004503709999999987,
            "unc_scale_down_pb": -0.0035870870000000096,
            "unc_pdf_up_pb": 0.003176992107747326,
            "unc_pdf_down_pb": -0.003176992107747326
        },
        "170": {
            "xsec_pb": 0.065601952,
            "unc_up_pb": 0.004353713261181638,
            "unc_down_pb": -0.0038241845153561523,
            "unc_scale_up_pb": 0.0034977299999999906,
            "unc_scale_down_pb": -0.0028113490000000046,
            "unc_pdf_up_pb": 0.002592432064237909,
            "unc_pdf_down_pb": -0.002592432064237909
        },
        "180": {
            "xsec_pb": 0.052365936,
            "unc_up_pb": 0.003499221071265335,
            "unc_down_pb": -0.0030716594241153,
            "unc_scale_up_pb": 0.002764584000000004,
            "unc_scale_down_pb": -0.0021985150000000016,
            "unc_pdf_up_pb": 0.0021451394855652893,
            "unc_pdf_down_pb": -0.0021451394855652893
        },
        "190": {
            "xsec_pb": 0.042261791,
            "unc_up_pb": 0.0028381493719417845,
            "unc_down_pb": -0.00249792855289609,
            "unc_scale_up_pb": 0.0022084809999999983,
            "unc_scale_down_pb": -0.001749841000000002,
            "unc_pdf_up_pb": 0.0017826114355328669,
            "unc_pdf_down_pb": -0.0017826114355328669
        },
        "200": {
            "xsec_pb": 0.034429106,
            "unc_up_pb": 0.0023522996759900976,
            "unc_down_pb": -0.0020472552158221895,
            "unc_scale_up_pb": 0.0018160809999999972,
            "unc_scale_down_pb": -0.0013986029999999983,
            "unc_pdf_up_pb": 0.0014950463427941445,
            "unc_pdf_down_pb": -0.0014950463427941445
        },
        "210": {
            "xsec_pb": 0.028290271,
            "unc_up_pb": 0.0019730226060447748,
            "unc_down_pb": -0.0017083986106139549,
            "unc_scale_up_pb": 0.001505320000000001,
            "unc_scale_down_pb": -0.0011365719999999989,
            "unc_pdf_up_pb": 0.0012754724228942395,
            "unc_pdf_down_pb": -0.0012754724228942395
        },
        "220": {
            "xsec_pb": 0.023422148,
            "unc_up_pb": 0.0016573235796424322,
            "unc_down_pb": -0.0014256649526248459,
            "unc_scale_up_pb": 0.0012571949999999991,
            "unc_scale_down_pb": -0.0009307729999999993,
            "unc_pdf_up_pb": 0.0010798991525201816,
            "unc_pdf_down_pb": -0.0010798991525201816
        },
        "230": {
            "xsec_pb": 0.019530992,
            "unc_up_pb": 0.001402347899303871,
            "unc_down_pb": -0.0012074107396892655,
            "unc_scale_up_pb": 0.001049207,
            "unc_scale_down_pb": -0.0007694780000000005,
            "unc_pdf_up_pb": 0.0009304538149918988,
            "unc_pdf_down_pb": -0.0009304538149918988
        },
        "240": {
            "xsec_pb": 0.016390539,
            "unc_up_pb": 0.0011976357769440454,
            "unc_down_pb": -0.0010295921027088156,
            "unc_scale_up_pb": 0.0008856449999999991,
            "unc_scale_down_pb": -0.0006403870000000009,
            "unc_pdf_up_pb": 0.0008062036890211824,
            "unc_pdf_down_pb": -0.0008062036890211824
        },