{"initial state": "pp", "order": "NNLOapprox+NNLL", "source": "hepi-0.2.5.6+dirty", "contact": "?", "tool": "Resummino-resummino 3.1.1-dev", "process_latex": "$\\tilde{\\chi}_{2}^{0}\\tilde{\\chi}_{1}^{+}$", "comment": "0.0.0", "reference": "?", "Ecom [GeV]": "13000", "process_id": "pp_13000_1000023_1000024", "PDF set": "PDF4LHC21_40", "data": {"80.0": {"80.75": {"xsec_pb": 7.7647615, "unc_up_pb": 0.2901875631195878, "unc_down_pb": -0.35421883743629934}, "81.0": {"xsec_pb": 7.6296216, "unc_up_pb": 0.2853349873112021, "unc_down_pb": -0.34755637100655234}, "81.5": {"xsec_pb": 7.367632, "unc_up_pb": 0.27483310181193965, "unc_down_pb": -0.33243023629077784}, "82.5": {"xsec_pb": 6.8816551, "unc_up_pb": 0.25358166050122566, "unc_down_pb": -0.3077489440566107}, "85.0": {"xsec_pb": 5.8367795, "unc_up_pb": 0.2133344273527895, "unc_down_pb": -0.2543042082820348}, "87.5": {"xsec_pb": 4.9933434, "unc_up_pb": 0.1806520291316196, "unc_down_pb": -0.21291236331526475}, "90.0": {"xsec_pb": 4.3034068, "unc_up_pb": 0.15455949235800912, "unc_down_pb": -0.1795384811829643}, "95.0": {"xsec_pb": 3.2598041, "unc_up_pb": 0.11590393212094524, "unc_down_pb": -0.13144990404167883}, "100.0": {"xsec_pb": 2.5228881, "unc_up_pb": 0.08923983959344212, "unc_down_pb": -0.09843779990264528}, "110.0": {"xsec_pb": 1.5916387, "unc_up_pb": 0.056361156929001205, "unc_down_pb": -0.06042199773795562}}, "60.0": {"80.0": {"xsec_pb": 5.2062873, "unc_up_pb": 0.18891701132752228, "unc_down_pb": -0.22334699550628148}, "90.0": {"xsec_pb": 2.9502292, "unc_up_pb": 0.10458441972912508, "unc_down_pb": -0.11735505870344004}}, "100.0": {"100.75": {"xsec_pb": 3.4380628, "unc_up_pb": 0.12245447825721201, "unc_down_pb": -0.13944885354295977}, "101.0": {"xsec_pb": 3.3924538, "unc_up_pb": 0.12038930869301895, "unc_down_pb": -0.13697354783308752}, "101.5": {"xsec_pb": 3.3034777, "unc_up_pb": 0.1168941267825527, "unc_down_pb": -0.13300198293862217}, "102.5": {"xsec_pb": 3.1341433, "unc_up_pb": 0.11168658746998718, "unc_down_pb": -0.12593158069674637}, "105.0": {"xsec_pb": 2.7572669, "unc_up_pb": 0.09839329871702256, "unc_down_pb": -0.10913027817639447}, "107.5": {"xsec_pb": 2.4376064, "unc_up_pb": 0.08723146411539406, "unc_down_pb": -0.09583027320693283}, "110.0": {"xsec_pb": 2.1638845, "unc_up_pb": 0.07678197506346066, "unc_down_pb": -0.08409455633419952}, "115.0": {"xsec_pb": 1.7257922, "unc_up_pb": 0.061283240128094746, "unc_down_pb": -0.06625879959286743}, "120.0": {"xsec_pb": 1.3951506, "unc_up_pb": 0.04941934853731088, "unc_down_pb": -0.05268763192042501}, "130.0": {"xsec_pb": 0.94387057, "unc_up_pb": 0.0338471190840626, "unc_down_pb": -0.03539052755937269}}, "125.0": {"125.75": {"xsec_pb": 1.5608734, "unc_up_pb": 0.0552939156248233, "unc_down_pb": -0.05916917959406784}, "126.0": {"xsec_pb": 1.5445091, "unc_up_pb": 0.05463739877700026, "unc_down_pb": -0.05839968883784365}, "126.5": {"xsec_pb": 1.5124888, "unc_up_pb": 0.053597176012226036, "unc_down_pb": -0.05735098918532745}, "127.5": {"xsec_pb": 1.4507819, "unc_up_pb": 0.051471454335666245, "unc_down_pb": -0.054809926992001934}, "130.0": {"xsec_pb": 1.310274, "unc_up_pb": 0.04669731654703799, "unc_down_pb": -0.04959434905122037}, "132.5": {"xsec_pb": 1.1865048, "unc_up_pb": 0.04236022112922866, "unc_down_pb": -0.04464945545812604}, "135.0": {"xsec_pb": 1.0773183, "unc_up_pb": 0.03842522868011332, "unc_down_pb": -0.04046683850857412}, "140.0": {"xsec_pb": 0.89450919, "unc_up_pb": 0.03230754878437157, "unc_down_pb": -0.03366794407766614}, "145.0": {"xsec_pb": 0.74940574, "unc_up_pb": 0.027406446154671263, "unc_down_pb": -0.0284537319704148}, "155.0": {"xsec_pb": 0.53793204, "unc_up_pb": 0.02004537679379451, "unc_down_pb": -0.020585494754637144}}, "150.0": {"151.0": {"xsec_pb": 0.81538046, "unc_up_pb": 0.02955141244751809, "unc_down_pb": -0.030722972190808953}, "151.5": {"xsec_pb": 0.80126434, "unc_up_pb": 0.02915329847734658, "unc_down_pb": -0.03030389629160666}, "152.5": {"xsec_pb": 0.77391717, "unc_up_pb": 0.028184212925393273, "unc_down_pb": -0.029304664489679912}, "155.0": {"xsec_pb": 0.71035747, "unc_up_pb": 0.026159202539719026, "unc_down_pb": -0.027078060545543833}, "157.5": {"xsec_pb": 0.6532082, "unc_up_pb": 0.02405887438631457, "unc_down_pb": -0.024826497322879754}, "160.0": {"xsec_pb": 0.60175395, "unc_up_pb": 0.022309331980845205, "unc_down_pb": -0.022950196418755543}, "165.0": {"xsec_pb": 0.51320864, "unc_up_pb": 0.019245139183744993, "unc_down_pb": -0.01973403094809873}, "170.0": {"xsec_pb": 0.44038489, "unc_up_pb": 0.01676040644167566, "unc_down_pb": -0.0170937346185719}, "180.0": {"xsec_pb": 0.32957486, "unc_up_pb": 0.012892203683144286, "unc_down_pb": -0.013076561111400018}}, "175.0": {"176.5": {"xsec_pb": 0.46651283, "unc_up_pb": 0.017588776201398, "unc_down_pb": -0.017974791361962023}, "177.5": {"xsec_pb": 0.45267264, "unc_up_pb": 0.0171584457697398, "unc_down_pb": -0.01754856916684667}, "180.0": {"xsec_pb": 0.4201521, "unc_up_pb": 0.01616007103888607, "unc_down_pb": -0.01643191731221717}, "182.5": {"xsec_pb": 0.39053526, "unc_up_pb": 0.015006505412002245, "unc_down_pb": -0.015263182922442917}, "185.0": {"xsec_pb": 0.36346032, "unc_up_pb": 0.01413245456309651, "unc_down_pb": -0.014343720212789603}}, "200.0": {"201.0": {"xsec_pb": 0.29431553, "unc_up_pb": 0.011628537350447464, "unc_down_pb": -0.011775850086547933}, "201.5": {"xsec_pb": 0.29039092, "unc_up_pb": 0.011483528985188327, "unc_down_pb": -0.01162428413486448}, "202.5": {"xsec_pb": 0.2827504, "unc_up_pb": 0.011232158520467212, "unc_down_pb": -0.01137700450911427}, "205.0": {"xsec_pb": 0.26464136, "unc_up_pb": 0.01057250194593564, "unc_down_pb": -0.010688424733304357}, "207.5": {"xsec_pb": 0.24795972, "unc_up_pb": 0.00998773694392096, "unc_down_pb": -0.010089721110479836}, "210.0": {"xsec_pb": 0.23254911, "unc_up_pb": 0.009446203959487308, "unc_down_pb": -0.0095328579443803}, "215.0": {"xsec_pb": 0.20513394, "unc_up_pb": 0.00845316658551991, "unc_down_pb": -0.008524223950451425}, "220.0": {"xsec_pb": 0.18157521, "unc_up_pb": 0.007627107677747139, "unc_down_pb": -0.007682163482375862}, "230.0": {"xsec_pb": 0.14362329, "unc_up_pb": 0.006191690006242972, "unc_down_pb": -0.00621915491900698}}, "225.0": {"227.5": {"xsec_pb": 0.18552921, "unc_up_pb": 0.007765433394418967, "unc_down_pb": -0.007818218940120395}, "230.0": {"xsec_pb": 0.174762, "unc_up_pb": 0.007351149179184792, "unc_down_pb": -0.007393897224639358}, "232.5": {"xsec_pb": 0.16475463, "unc_up_pb": 0.0069798902801824145, "unc_down_pb": -0.007019865553768427}}, "250.0": {"251.0": {"xsec_pb": 0.13076196, "unc_up_pb": 0.005702828639989723, "unc_down_pb": -0.005722693801024749}, "251.5": {"xsec_pb": 0.12932271, "unc_up_pb": 0.005648801564344228, "unc_down_pb": -0.005667589135120674}, "252.5": {"xsec_pb": 0.12650126, "unc_up_pb": 0.005539850921680757, "unc_down_pb": -0.005557821364720784}, "255.0": {"xsec_pb": 0.11976907, "unc_up_pb": 0.005280975300919642, "unc_down_pb": -0.005296699651936408}, "257.5": {"xsec_pb": 0.1134672, "unc_up_pb": 0.00504347358660542, "unc_down_pb": -0.005058175865466388}, "260.0": {"xsec_pb": 0.10756226, "unc_up_pb": 0.0048171949054501804, "unc_down_pb": -0.0048291731615873155}, "265.0": {"xsec_pb": 0.096840902, "unc_up_pb": 0.004386887374205357, "unc_down_pb": -0.004398206336337852}, "270.0": {"xsec_pb": 0.087374887, "unc_up_pb": 0.004022830162578762, "unc_down_pb": -0.00402942692717831}, "280.0": {"xsec_pb": 0.071588204, "unc_up_pb": 0.0033931091729166884, "unc_down_pb": -0.0033963205735588775}}, "300.0": {"301.0": {"xsec_pb": 0.066016462, "unc_up_pb": 0.0031581042149276045, "unc_down_pb": -0.0031597989068001603}, "301.5": {"xsec_pb": 0.065390746, "unc_up_pb": 0.0031334319699459403, "unc_down_pb": -0.00313496447821395}, "302.5": {"xsec_pb": 0.064160953, "unc_up_pb": 0.0030832890121519326, "unc_down_pb": -0.003084687707002429}, "305.0": {"xsec_pb": 0.061207989, "unc_up_pb": 0.0029646639715091164, "unc_down_pb": -0.0029658654805168197}, "307.5": {"xsec_pb": 0.058414669, "unc_up_pb": 0.0028439282368217388,