{"initial state": "pp", "order": "NNLOapprox+NNLL", "source": "hepi-0.2.5.6+dirty", "contact": "?", "tool": "Resummino-resummino 3.1.1-dev", "process_latex": "$\\tilde{\\chi}_{1}^{+}\\tilde{\\chi}_{1}^{-}$", "comment": "0.0.0", "reference": "?", "Ecom [GeV]": "13000", "process_id": "pp_13000_1000024_-1000024", "PDF set": "PDF4LHC21_40", "data": {"80.0": {"80.75": {"xsec_pb": 6.7608358, "unc_up_pb": 0.23744386334588824, "unc_down_pb": -0.29840240206551655}, "81.0": {"xsec_pb": 6.6841057, "unc_up_pb": 0.2346877342323591, "unc_down_pb": -0.29370740758775293}, "81.5": {"xsec_pb": 6.5342434, "unc_up_pb": 0.22908071302053468, "unc_down_pb": -0.28623934310934007}, "82.5": {"xsec_pb": 6.2483547, "unc_up_pb": 0.21641950094202056, "unc_down_pb": -0.27122118952860863}, "85.0": {"xsec_pb": 5.6021636, "unc_up_pb": 0.1931364178465985, "unc_down_pb": -0.23837201177828268}, "87.5": {"xsec_pb": 5.0425243, "unc_up_pb": 0.17215797530378063, "unc_down_pb": -0.21068641125401777}, "90.0": {"xsec_pb": 4.5552335, "unc_up_pb": 0.15395091361580737, "unc_down_pb": -0.1866119124407163}, "95.0": {"xsec_pb": 3.7519704, "unc_up_pb": 0.12531360890116994, "unc_down_pb": -0.14896647470476432}, "100.0": {"xsec_pb": 3.1252079, "unc_up_pb": 0.10342558968448756, "unc_down_pb": -0.12063922084025513}, "110.0": {"xsec_pb": 2.2285426, "unc_up_pb": 0.0725749398037028, "unc_down_pb": -0.08173127856525311}}, "60.0": {"80.0": {"xsec_pb": 6.9986739, "unc_up_pb": 0.24712792828124108, "unc_down_pb": -0.31164020178932006}, "90.0": {"xsec_pb": 4.5552335, "unc_up_pb": 0.15395091361580737, "unc_down_pb": -0.1866119124407163}}, "100.0": {"100.75": {"xsec_pb": 3.0432702, "unc_up_pb": 0.10145830958023183, "unc_down_pb": -0.11762619723092282}, "101.0": {"xsec_pb": 3.0168484, "unc_up_pb": 0.10014598122060007, "unc_down_pb": -0.11678216156107428}, "101.5": {"xsec_pb": 2.9639974, "unc_up_pb": 0.09951916982305428, "unc_down_pb": -0.11461994814612284}, "102.5": {"xsec_pb": 2.8620468, "unc_up_pb": 0.0958494626011869, "unc_down_pb": -0.11055451002856645}, "105.0": {"xsec_pb": 2.6278425, "unc_up_pb": 0.08555806812790642, "unc_down_pb": -0.09882239907697762}, "107.5": {"xsec_pb": 2.4175179, "unc_up_pb": 0.07878066918314121, "unc_down_pb": -0.08961408851030873}, "110.0": {"xsec_pb": 2.2285426, "unc_up_pb": 0.0725749398037028, "unc_down_pb": -0.08173127856525311}, "115.0": {"xsec_pb": 1.9045135, "unc_up_pb": 0.061436902749101296, "unc_down_pb": -0.0686401570604449}, "120.0": {"xsec_pb": 1.6385077, "unc_up_pb": 0.05283214316138435, "unc_down_pb": -0.05819952669356515}, "130.0": {"xsec_pb": 1.2343819, "unc_up_pb": 0.039747946384921656, "unc_down_pb": -0.042836045212164914}}, "125.0": {"125.75": {"xsec_pb": 1.3887325, "unc_up_pb": 0.044838073617508994, "unc_down_pb": -0.04907557394151549}, "126.0": {"xsec_pb": 1.3788809, "unc_up_pb": 0.044653329952333246, "unc_down_pb": -0.048668476892974114}, "126.5": {"xsec_pb": 1.3596512, "unc_up_pb": 0.04379569588309574, "unc_down_pb": -0.04763438189747616}, "127.5": {"xsec_pb": 1.322325, "unc_up_pb": 0.042445962729222346, "unc_down_pb": -0.04621850534505117}, "130.0": {"xsec_pb": 1.2343819, "unc_up_pb": 0.039747946384921656, "unc_down_pb": -0.042836045212164914}, "132.5": {"xsec_pb": 1.1538969, "unc_up_pb": 0.037006115228338854, "unc_down_pb": -0.03981324220875593}, "135.0": {"xsec_pb": 1.0799692, "unc_up_pb": 0.034530883448210675, "unc_down_pb": -0.03718178471891723}, "140.0": {"xsec_pb": 0.9490409, "unc_up_pb": 0.03091405280680882, "unc_down_pb": -0.032817024749133956}, "145.0": {"xsec_pb": 0.83768385, "unc_up_pb": 0.02698055029562998, "unc_down_pb": -0.028557156713843648}, "155.0": {"xsec_pb": 0.66031242, "unc_up_pb": 0.021437886166391324, "unc_down_pb": -0.022494376115972842}}, "150.0": {"151.0": {"xsec_pb": 0.72499705, "unc_up_pb": 0.02345684055595948, "unc_down_pb": -0.024645912961391903}, "151.5": {"xsec_pb": 0.71649214, "unc_up_pb": 0.02318509546754454, "unc_down_pb": -0.024368098856233138}, "152.5": {"xsec_pb": 0.69984423, "unc_up_pb": 0.02268605127494331, "unc_down_pb": -0.023831956593843774}, "155.0": {"xsec_pb": 0.66031242, "unc_up_pb": 0.021437886166391324, "unc_down_pb": -0.022494376115972842}, "157.5": {"xsec_pb": 0.62350622, "unc_up_pb": 0.02024757886238749, "unc_down_pb": -0.021126825233068088}, "160.0": {"xsec_pb": 0.58931315, "unc_up_pb": 0.01921471147504314, "unc_down_pb": -0.020056678661858535}, "165.0": {"xsec_pb": 0.52756413, "unc_up_pb": 0.017456992576452238, "unc_down_pb": -0.018086119889854937}, "170.0": {"xsec_pb": 0.47374265, "unc_up_pb": 0.01565502147329078, "unc_down_pb": -0.016174262570747937}, "180.0": {"xsec_pb": 0.38518686, "unc_up_pb": 0.012903057519896646, "unc_down_pb": -0.013241315102921727}}, "175.0": {"176.5": {"xsec_pb": 0.41364985, "unc_up_pb": 0.013774636990802912, "unc_down_pb": -0.014181049696228208}, "177.5": {"xsec_pb": 0.40524215, "unc_up_pb": 0.013536958131721618, "unc_down_pb": -0.013910734851534153}, "180.0": {"xsec_pb": 0.38518686, "unc_up_pb": 0.012903057519896646, "unc_down_pb": -0.013241315102921727}, "182.5": {"xsec_pb": 0.36634601, "unc_up_pb": 0.012348097561592643, "unc_down_pb": -0.012643497729798149}, "185.0": {"xsec_pb": 0.34865198, "unc_up_pb": 0.011778110143340282, "unc_down_pb": -0.01206249186810725}}, "200.0": {"201.0": {"xsec_pb": 0.25728694, "unc_up_pb": 0.00889676184742642, "unc_down_pb": -0.009036684339730077}, "201.5": {"xsec_pb": 0.25495847, "unc_up_pb": 0.008857892252738815, "unc_down_pb": -0.009002499806399895}, "202.5": {"xsec_pb": 0.25035089, "unc_up_pb": 0.008698192992395748, "unc_down_pb": -0.008845113493407697}, "205.0": {"xsec_pb": 0.23925303, "unc_up_pb": 0.008301123052631025, "unc_down_pb": -0.008423322979734409}, "207.5": {"xsec_pb": 0.22878028, "unc_up_pb": 0.007988776579745935, "unc_down_pb": -0.008101985045721669}, "210.0": {"xsec_pb": 0.21886629, "unc_up_pb": 0.007662828002974738, "unc_down_pb": -0.007773370642268014}, "215.0": {"xsec_pb": 0.20057158, "unc_up_pb": 0.007101805717822691, "unc_down_pb": -0.0071867101294611335}, "220.0": {"xsec_pb": 0.18412381, "unc_up_pb": 0.006566113027237027, "unc_down_pb": -0.0066418559361937045}, "230.0": {"xsec_pb": 0.15591255, "unc_up_pb": 0.005663242681884288, "unc_down_pb": -0.005714005497006074}}, "225.0": {"227.5": {"xsec_pb": 0.16243855, "unc_up_pb": 0.005876157566281745, "unc_down_pb": -0.00593089479627402}, "230.0": {"xsec_pb": 0.15591255, "unc_up_pb": 0.005663242681884288, "unc_down_pb": -0.005714005497006074}, "232.5": {"xsec_pb": 0.14971144, "unc_up_pb": 0.005453115708885287, "unc_down_pb": -0.005503629130418514}}, "250.0": {"251.0": {"xsec_pb": 0.11204445, "unc_up_pb": 0.0042280801804796, "unc_down_pb": -0.004248243661628239}, "251.5": {"xsec_pb": 0.11119842, "unc_up_pb": 0.004203663199380769, "unc_down_pb": -0.004223831174790037}, "252.5": {"xsec_pb": 0.1095259, "unc_up_pb": 0.004141759027288942, "unc_down_pb": -0.004159497704246227}, "255.0": {"xsec_pb": 0.10548414, "unc_up_pb": 0.004001970719789926, "unc_down_pb": -0.004017901917363825}, "257.5": {"xsec_pb": 0.10162192, "unc_up_pb": 0.003869948251558871, "unc_down_pb": -0.0038848360621451827}, "260.0": {"xsec_pb": 0.097930638, "unc_up_pb": 0.003741345158485612, "unc_down_pb": -0.0037557337171190332}, "265.0": {"xsec_pb": 0.091024914, "unc_up_pb": 0.0035117143194720295, "unc_down_pb": -0.003523463309736184}, "270.0": {"xsec_pb": 0.084699549, "unc_up_pb": 0.0033033641037931425, "unc_down_pb": -0.003312493582964536}, "280.0": {"xsec_pb": 0.073569733, "unc_up_pb": 0.0029191027139507443, "unc_down_pb": -0.002923361423778198}}, "300.0": {"301.0": {"xsec_pb": 0.055437643, "unc_up_pb": 0.0022866353742637697, "unc_down_pb": -0.002291355023874399}, "301.5": {"xsec_pb": 0.055076177, "unc_up_pb": 0.0022737897385474337, "unc_down_pb": -0.0022785175064465907}, "302.5": {"xsec_pb": 0.054360529, "unc_up_pb": 0.00224717998994893, "unc_down_pb": -0.002251618969012936}, "305.0": {"xsec_pb": 0.052619481, "unc_up_pb": 0.002185269417069921, "unc_down_pb": -0.0021887883803273747}, "307.5": {"xsec_pb": 0.050947627,