{
    "initial state": "pp",
    "order": "NNLOapprox+NNLL",
    "source": "hepi-0.2.17.12",
    "contact": "Alexander Puck Neuwirth <alexander@neuwirth-informatik.de>",
    "tool": "Resummino-resummino 3.1.2-dev",
    "process_latex": "$\\tilde{\\tau}_{1}^{-}\\overline{\\tilde{\\nu}}_{\\tau L}$",
    "comment": "0.0.0",
    "reference": "?",
    "Ecom [GeV]": "13000",
    "process_id": "pp_13000_1000015_-1000016",
    "PDF set": "PDF4LHC21_40",
    "parameters": [
        [
            "mass_1000015_-1000016"
        ]
    ],
    "data": {
        "50": {
            "xsec_pb": 4.5924696,
            "unc_up_pb": 0.35912241187804717,
            "unc_down_pb": -0.341014457771889,
            "unc_scale_up_pb": 0.340150299999999,
            "unc_scale_down_pb": -0.3209738000000004,
            "unc_pdf_up_pb": 0.11518107536837727,
            "unc_pdf_down_pb": -0.11518107536837727
        },
        "60": {
            "xsec_pb": 1.9311181,
            "unc_up_pb": 0.146010597580421,
            "unc_down_pb": -0.11812873142885871,
            "unc_scale_up_pb": 0.13690490000000022,
            "unc_scale_down_pb": -0.10666889999999984,
            "unc_pdf_up_pb": 0.05075571851310468,
            "unc_pdf_down_pb": -0.05075571851310468
        },
        "70": {
            "xsec_pb": 1.0124174,
            "unc_up_pb": 0.07395334659848685,
            "unc_down_pb": -0.060137039311712326,
            "unc_scale_up_pb": 0.06860780000000022,
            "unc_scale_down_pb": -0.05342654999999985,
            "unc_pdf_up_pb": 0.027605565603260617,
            "unc_pdf_down_pb": -0.027605565603260617
        },
        "80": {
            "xsec_pb": 0.59557761,
            "unc_up_pb": 0.04249946208712982,
            "unc_down_pb": -0.03490273819428044,
            "unc_scale_up_pb": 0.038939850000000054,
            "unc_scale_down_pb": -0.03046815999999991,
            "unc_pdf_up_pb": 0.017026225643779213,
            "unc_pdf_down_pb": -0.017026225643779213
        },
        "90": {
            "xsec_pb": 0.37729348,
            "unc_up_pb": 0.02642173615731222,
            "unc_down_pb": -0.02181251753595223,
            "unc_scale_up_pb": 0.02394426999999999,
            "unc_scale_down_pb": -0.018735150000000034,
            "unc_pdf_up_pb": 0.011170500245455505,
            "unc_pdf_down_pb": -0.011170500245455505
        },
        "100": {
            "xsec_pb": 0.2519941,
            "unc_up_pb": 0.017401878077234346,
            "unc_down_pb": -0.014479315820166684,
            "unc_scale_up_pb": 0.015549720000000003,
            "unc_scale_down_pb": -0.012190939999999997,
            "unc_pdf_up_pb": 0.007812270382963542,
            "unc_pdf_down_pb": -0.007812270382963542
        },
        "110": {
            "xsec_pb": 0.17520931,
            "unc_up_pb": 0.011935033872884358,
            "unc_down_pb": -0.009986434430310774,
            "unc_scale_up_pb": 0.010543189999999994,
            "unc_scale_down_pb": -0.008273009999999983,
            "unc_pdf_up_pb": 0.0055934048817153316,
            "unc_pdf_down_pb": -0.0055934048817153316
        },
        "120": {
            "xsec_pb": 0.12575598,
            "unc_up_pb": 0.008503979575504143,
            "unc_down_pb": -0.007168457476960547,
            "unc_scale_up_pb": 0.007394789999999991,
            "unc_scale_down_pb": -0.0058096500000000065,
            "unc_pdf_up_pb": 0.004199374891158398,
            "unc_pdf_down_pb": -0.004199374891158398
        },
        "130": {
            "xsec_pb": 0.092630181,
            "unc_up_pb": 0.0061971916116442816,
            "unc_down_pb": -0.005271985088234898,
            "unc_scale_up_pb": 0.0053143480000000035,
            "unc_scale_down_pb": -0.004198921000000001,
            "unc_pdf_up_pb": 0.0031879286702073766,
            "unc_pdf_down_pb": -0.0031879286702073766
        },
        "140": {
            "xsec_pb": 0.069686933,
            "unc_up_pb": 0.004638760475892958,
            "unc_down_pb": -0.00397583844769209,
            "unc_scale_up_pb": 0.00391593400000001,
            "unc_scale_down_pb": -0.003102213999999992,
            "unc_pdf_up_pb": 0.002486676428558941,
            "unc_pdf_down_pb": -0.002486676428558941
        },
        "150": {
            "xsec_pb": 0.053406774,
            "unc_up_pb": 0.003546105077646817,
            "unc_down_pb": -0.003061330174055802,
            "unc_scale_up_pb": 0.002945512999999997,
            "unc_scale_down_pb": -0.002339429000000004,
            "unc_pdf_up_pb": 0.00197454156414686,
            "unc_pdf_down_pb": -0.00197454156414686
        },
        "160": {
            "xsec_pb": 0.041567183,
            "unc_up_pb": 0.0027557521538963126,
            "unc_down_pb": -0.002395853811385046,
            "unc_scale_up_pb": 0.0022518550000000005,
            "unc_scale_down_pb": -0.0017935429999999981,
            "unc_pdf_up_pb": 0.0015884958270890148,
            "unc_pdf_down_pb": -0.0015884958270890148
        },
        "170": {
            "xsec_pb": 0.032800976,
            "unc_up_pb": 0.002176856580341847,
            "unc_down_pb": -0.0019120918328962826,
            "unc_scale_up_pb": 0.0017488650000000022,
            "unc_scale_down_pb": -0.0014056739999999956,
            "unc_pdf_up_pb": 0.001296215947731179,
            "unc_pdf_down_pb": -0.001296215947731179
        },
        "180": {
            "xsec_pb": 0.026182968,
            "unc_up_pb": 0.001749610843768692,
            "unc_down_pb": -0.0015358304209557162,
            "unc_scale_up_pb": 0.001382292000000002,
            "unc_scale_down_pb": -0.0010992580000000005,
            "unc_pdf_up_pb": 0.001072570245424047,
            "unc_pdf_down_pb": -0.001072570245424047
        },
        "190": {
            "xsec_pb": 0.021130895,
            "unc_up_pb": 0.0014190750468960284,
            "unc_down_pb": -0.0012489638942107051,
            "unc_scale_up_pb": 0.0011042409999999989,
            "unc_scale_down_pb": -0.0008749200000000013,
            "unc_pdf_up_pb": 0.0008913056729551133,
            "unc_pdf_down_pb": -0.0008913056729551133
        },
        "200": {
            "xsec_pb": 0.017214553,
            "unc_up_pb": 0.0011761502943397543,
            "unc_down_pb": -0.0010236273471315098,
            "unc_scale_up_pb": 0.0009080409999999983,
            "unc_scale_down_pb": -0.0006993009999999994,
            "unc_pdf_up_pb": 0.0007475232820417659,
            "unc_pdf_down_pb": -0.0007475232820417659
        },
        "210": {
            "xsec_pb": 0.014145135,
            "unc_up_pb": 0.0009865113700345083,
            "unc_down_pb": -0.0008541985015687898,
            "unc_scale_up_pb": 0.000752661,
            "unc_scale_down_pb": -0.0005682859999999994,
            "unc_pdf_up_pb": 0.0006377351349003476,
            "unc_pdf_down_pb": -0.0006377351349003476
        },
        "220": {
            "xsec_pb": 0.011711074,
            "unc_up_pb": 0.000828662292086594,
            "unc_down_pb": -0.0007128338275406176,
            "unc_scale_up_pb": 0.0006285969999999998,
            "unc_scale_down_pb": -0.0004653869999999994,
            "unc_pdf_up_pb": 0.0005399509291752424,
            "unc_pdf_down_pb": -0.0005399509291752424
        },
        "230": {
            "xsec_pb": 0.0097654962,
            "unc_up_pb": 0.0007011735436855745,
            "unc_down_pb": -0.0006037057615337967,
            "unc_scale_up_pb": 0.0005246027999999993,
            "unc_scale_down_pb": -0.0003847394000000004,
            "unc_pdf_up_pb": 0.00046522708497758776,
            "unc_pdf_down_pb": -0.00046522708497758776
        },
        "240": {
            "xsec_pb": 0.0081952696,
            "unc_up_pb": 0.0005988179550024256,
            "unc_down_pb": -0.0005147964489984403,
            "unc_scale_up_pb": 0.00044282220000000077,
            "unc_scale_down_pb": -0.00032019360000000007,
            "unc_pdf_up_pb": 0.00040310227290409187,