{
    "initial state": "pp",
    "order": "NNLOapprox+NNLL",
    "source": "hepi-0.2.17.3",
    "contact": "Alexander Puck Neuwirth <alexander@neuwirth-informatik.de>",
    "tool": "Resummino-resummino 3.1.2-dev",
    "process_latex": "$\\overline{d}\\overline{d}$",
    "comment": "",
    "reference": "?",
    "Ecom [GeV]": "13000.0",
    "process_id": "pp_13000.0_-1_-1",
    "PDF set": "PDF4LHC21_40",
    "parameters": [
        [
            "mass_1000011_2000011_1000012_1000013_2000013_1000014_1000015_2000015_1000016"
        ]
    ],
    "data": {
        "50.0": {
            "xsec_pb": 1.4402447,
            "unc_up_pb": 0.06254192420402654,
            "unc_down_pb": -0.08913808081236757,
            "unc_scale_up_pb": 0.05394719999999975,
            "unc_scale_down_pb": -0.08333310000000005,
            "unc_pdf_up_pb": 0.031641616508993387,
            "unc_pdf_down_pb": -0.031641616508993387
        },
        "75.0": {
            "xsec_pb": 0.27198647,
            "unc_up_pb": 0.009576901388552415,
            "unc_down_pb": -0.011751203226255478,
            "unc_scale_up_pb": 0.006031329999999974,
            "unc_scale_down_pb": -0.00909674000000002,
            "unc_pdf_up_pb": 0.007439092595011653,
            "unc_pdf_down_pb": -0.007439092595011653
        },
        "80.0": {
            "xsec_pb": 0.21722514,
            "unc_up_pb": 0.00762401726843571,
            "unc_down_pb": -0.009111297996109389,
            "unc_scale_up_pb": 0.004496939999999963,
            "unc_scale_down_pb": -0.006716590000000036,
            "unc_pdf_up_pb": 0.006156555038802656,
            "unc_pdf_down_pb": -0.006156555038802656
        },
        "100.0": {
            "xsec_pb": 0.10059277,
            "unc_up_pb": 0.0034547933361867584,
            "unc_down_pb": -0.003837537424503436,
            "unc_scale_up_pb": 0.0016267100000000034,
            "unc_scale_down_pb": -0.002331797999999996,
            "unc_pdf_up_pb": 0.003047853600759139,
            "unc_pdf_down_pb": -0.003047853600759139
        },
        "150.0": {
            "xsec_pb": 0.024298932,
            "unc_up_pb": 0.0008719173153667317,
            "unc_down_pb": -0.0008811124377582765,
            "unc_scale_up_pb": 0.00029238000000000007,
            "unc_scale_down_pb": -0.00031875600000000164,
            "unc_pdf_up_pb": 0.0008214339537883311,
            "unc_pdf_down_pb": -0.0008214339537883311
        },
        "200.0": {
            "xsec_pb": 0.0084844958,
            "unc_up_pb": 0.00032980836803611256,
            "unc_down_pb": -0.00032497763249971954,
            "unc_scale_up_pb": 8.969010000000124e-05,
            "unc_scale_down_pb": -6.986569999999775e-05,
            "unc_pdf_up_pb": 0.0003173787100431177,
            "unc_pdf_down_pb": -0.0003173787100431177
        },
        "250.0": {
            "xsec_pb": 0.0036215739,
            "unc_up_pb": 0.00015510957841003944,
            "unc_down_pb": -0.000153315894365001,
            "unc_scale_up_pb": 3.246359999999949e-05,
            "unc_scale_down_pb": -2.2375600000000247e-05,
            "unc_pdf_up_pb": 0.00015167430893061674,
            "unc_pdf_down_pb": -0.00015167430893061674
        },
        "300.0": {
            "xsec_pb": 0.0017526526,
            "unc_up_pb": 8.218814191920513e-05,
            "unc_down_pb": -8.160383659229155e-05,
            "unc_scale_up_pb": 1.2985800000000027e-05,
            "unc_scale_down_pb": -8.53970000000003e-06,
            "unc_pdf_up_pb": 8.115577410444319e-05,
            "unc_pdf_down_pb": -8.115577410444319e-05
        },
        "350.0": {
            "xsec_pb": 0.00092538838,
            "unc_up_pb": 4.7716028377971267e-05,
            "unc_down_pb": -4.748939851924697e-05,
            "unc_scale_up_pb": 6.158780000000113e-06,
            "unc_scale_down_pb": -4.044029999999965e-06,
            "unc_pdf_up_pb": 4.731689754283302e-05,
            "unc_pdf_down_pb": -4.731689754283302e-05
        },
        "400.0": {
            "xsec_pb": 0.00052087713,
            "unc_up_pb": 2.984075601286144e-05,
            "unc_down_pb": -2.973600359129703e-05,
            "unc_scale_up_pb": 3.1737200000000825e-06,
            "unc_scale_down_pb": -1.957469999999933e-06,
            "unc_pdf_up_pb": 2.9671505199108588e-05,
            "unc_pdf_down_pb": -2.9671505199108588e-05
        },
        "450.0": {
            "xsec_pb": 0.0003076957,
            "unc_up_pb": 1.9299686573901884e-05,
            "unc_down_pb": -1.9258445643424822e-05,
            "unc_scale_up_pb": 1.6905100000000415e-06,
            "unc_scale_down_pb": -1.1258999999999954e-06,
            "unc_pdf_up_pb": 1.9225505917679996e-05,
            "unc_pdf_down_pb": -1.9225505917679996e-05
        },
        "500.0": {
            "xsec_pb": 0.00018884024,
            "unc_up_pb": 1.3042793434795087e-05,
            "unc_down_pb": -1.3018903200236725e-05,
            "unc_scale_up_pb": 9.653499999999856e-07,
            "unc_scale_down_pb": -5.561300000000085e-07,
            "unc_pdf_up_pb": 1.3007019641725538e-05,
            "unc_pdf_down_pb": -1.3007019641725538e-05
        },
        "550.0": {
            "xsec_pb": 0.00011955932,
            "unc_up_pb": 9.104958409292842e-06,
            "unc_down_pb": -9.09313199511876e-06,
            "unc_scale_up_pb": 5.659199999999954e-07,
            "unc_scale_down_pb": -3.241100000000066e-07,
            "unc_pdf_up_pb": 9.087353970686529e-06,
            "unc_pdf_down_pb": -9.087353970686556e-06
        },
        "600.0": {
            "xsec_pb": 7.7646616e-05,
            "unc_up_pb": 6.52358405863876e-06,
            "unc_down_pb": -6.517532686641e-06,
            "unc_scale_up_pb": 3.4131400000000125e-07,
            "unc_scale_down_pb": -1.9385199999999355e-07,
            "unc_pdf_up_pb": 6.514649163502959e-06,
            "unc_pdf_down_pb": -6.514649163502959e-06
        },
        "650.0": {
            "xsec_pb": 5.1528544e-05,
            "unc_up_pb": 4.805445415284862e-06,
            "unc_down_pb": -4.801903640049369e-06,
            "unc_scale_up_pb": 2.1931799999999897e-07,
            "unc_scale_down_pb": -1.1863100000000405e-07,
            "unc_pdf_up_pb": 4.800438027321917e-06,
            "unc_pdf_down_pb": -4.800438027321917e-06
        },
        "700.0": {
            "xsec_pb": 3.4823572e-05,
            "unc_up_pb": 3.6025152999567715e-06,
            "unc_down_pb": -3.600277258716836e-06,
            "unc_scale_up_pb": 1.479169999999921e-07,
            "unc_scale_down_pb": -7.589000000000987e-08,
            "unc_pdf_up_pb": 3.5994773297707575e-06,
            "unc_pdf_down_pb": -3.5994773297707575e-06
        },
        "750.0": {
            "xsec_pb": 2.390752e-05,
            "unc_up_pb": 2.753248938199609e-06,
            "unc_down_pb": -2.7518064804577547e-06,
            "unc_scale_up_pb": 1.0035300000000138e-07,
            "unc_scale_down_pb": -4.615099999999894e-08,
            "unc_pdf_up_pb": 2.7514194502271523e-06,
            "unc_pdf_down_pb": -2.7514194502271523e-06
        },
        "800.0": {
            "xsec_pb": 1.6639064e-05,
            "unc_up_pb": 2.147869596524107e-06,
            "unc_down_pb": -2.146987225357577e-06,
            "unc_scale_up_pb": 6.845699999999845e-08,
            "unc_scale_down_pb": -2.994500000000264e-08,
            "unc_pdf_up_pb": 2.146778386984467e-06,
            "unc_pdf_down_pb": -2.146778386984467e-06
        },
        "850.0": {
            "xsec_pb": 1.1721809e-05,
            "unc_up_pb": 1.6981666005756136e-06,
            "unc_down_pb": -1.69758360538783e-06,
            "unc_scale_up_pb": 4.8585000000000484e-08,
            "unc_scale_down_pb": -1.951400000000037e-08,
            "unc_pdf_up_pb": 1.6974714433785152e-06,
            "unc_pdf_down_pb": -1.6974714433785152e-06
        },
        "900.0": {
            "xsec_pb": 8.3465522e-06,
            "unc_up_pb": 1.3506743355323884e-06,
            "unc_down_pb": -1.3502061786589387e-06,