{"initial state": "pp", "order": "NNLOapprox+NNLL", "source": "hepi-0.2.5.6+dirty", "contact": "?", "tool": "Resummino-resummino 3.1.1-dev", "process_latex": "$\\tilde{\\chi}_{2}^{0}\\tilde{\\chi}_{1}^{-}$", "comment": "0.0.0", "reference": "?", "Ecom [GeV]": "13000", "process_id": "pp_13000_1000023_-1000024", "PDF set": "PDF4LHC21_40", "data": {"80.0": {"80.75": {"xsec_pb": 5.0877461, "unc_up_pb": 0.1928304405627462, "unc_down_pb": -0.23386966192189904}, "81.0": {"xsec_pb": 4.9952487, "unc_up_pb": 0.1888972923636839, "unc_down_pb": -0.22899340437264082}, "81.5": {"xsec_pb": 4.8171671, "unc_up_pb": 0.18111414820625693, "unc_down_pb": -0.2199308567920094}, "82.5": {"xsec_pb": 4.4844276, "unc_up_pb": 0.16753841626160162, "unc_down_pb": -0.2014387691451063}, "85.0": {"xsec_pb": 3.776059, "unc_up_pb": 0.13926634695708098, "unc_down_pb": -0.16559498839071288}, "87.5": {"xsec_pb": 3.2075238, "unc_up_pb": 0.11687785644509427, "unc_down_pb": -0.1377087174016591}, "90.0": {"xsec_pb": 2.7447053, "unc_up_pb": 0.09946831596110603, "unc_down_pb": -0.11520809826404751}, "95.0": {"xsec_pb": 2.0503332, "unc_up_pb": 0.07350250773477413, "unc_down_pb": -0.08321255948052858}, "100.0": {"xsec_pb": 1.5666232, "unc_up_pb": 0.05573589585555719, "unc_down_pb": -0.06186917201370615}, "110.0": {"xsec_pb": 0.96428938, "unc_up_pb": 0.03455263142678592, "unc_down_pb": -0.03695242428710203}}, "60.0": {"80.0": {"xsec_pb": 3.3513123, "unc_up_pb": 0.12304196552129124, "unc_down_pb": -0.1447970280575969}, "90.0": {"xsec_pb": 1.8475243, "unc_up_pb": 0.06575117032946007, "unc_down_pb": -0.0741654227230831}}, "100.0": {"100.75": {"xsec_pb": 2.1682449, "unc_up_pb": 0.07807215250126225, "unc_down_pb": -0.08863133774111924}, "101.0": {"xsec_pb": 2.137874, "unc_up_pb": 0.0771358995065628, "unc_down_pb": -0.08728820106089158}, "101.5": {"xsec_pb": 2.0789649, "unc_up_pb": 0.07465336334753185, "unc_down_pb": -0.08439061680061737}, "102.5": {"xsec_pb": 1.9674234, "unc_up_pb": 0.07018552758715657, "unc_down_pb": -0.0793654450950636}, "105.0": {"xsec_pb": 1.7200703, "unc_up_pb": 0.061301602889503856, "unc_down_pb": -0.06861336386340781}, "107.5": {"xsec_pb": 1.5108046, "unc_up_pb": 0.05370838280156626, "unc_down_pb": -0.059507930899079076}, "110.0": {"xsec_pb": 1.3328058, "unc_up_pb": 0.04751515098371198, "unc_down_pb": -0.05193467071980831}, "115.0": {"xsec_pb": 1.0498759, "unc_up_pb": 0.037545366647363174, "unc_down_pb": -0.040408040334751635}, "120.0": {"xsec_pb": 0.83875678, "unc_up_pb": 0.03020569666622424, "unc_down_pb": -0.03204514420495024}, "130.0": {"xsec_pb": 0.55459318, "unc_up_pb": 0.02025349625694673, "unc_down_pb": -0.021090277839527445}}, "125.0": {"125.75": {"xsec_pb": 0.94429305, "unc_up_pb": 0.033805326606908256, "unc_down_pb": -0.03614448560744264}, "126.0": {"xsec_pb": 0.93385693, "unc_up_pb": 0.033469314003046036, "unc_down_pb": -0.03577875480032949}, "126.5": {"xsec_pb": 0.91332337, "unc_up_pb": 0.03266987150599235, "unc_down_pb": -0.034833275340291375}, "127.5": {"xsec_pb": 0.87399686, "unc_up_pb": 0.03132815023905783, "unc_down_pb": -0.03323256050320794}, "130.0": {"xsec_pb": 0.78478288, "unc_up_pb": 0.028384758244452694, "unc_down_pb": -0.03002363908665501}, "132.5": {"xsec_pb": 0.70652089, "unc_up_pb": 0.025707529120501758, "unc_down_pb": -0.026931615485996183}, "135.0": {"xsec_pb": 0.63785423, "unc_up_pb": 0.023033836190736325, "unc_down_pb": -0.024147704798205306}, "140.0": {"xsec_pb": 0.52378515, "unc_up_pb": 0.01919646274832345, "unc_down_pb": -0.01993784681113222}, "145.0": {"xsec_pb": 0.43394257, "unc_up_pb": 0.01610425066402542, "unc_down_pb": -0.01657895497691174}, "155.0": {"xsec_pb": 0.30512396, "unc_up_pb": 0.011599910210792956, "unc_down_pb": -0.011880724898138932}}, "150.0": {"151.0": {"xsec_pb": 0.4746251, "unc_up_pb": 0.01760108992214237, "unc_down_pb": -0.018163803672795013}, "151.5": {"xsec_pb": 0.46587767, "unc_up_pb": 0.01728229214712832, "unc_down_pb": -0.017845399032663724}, "152.5": {"xsec_pb": 0.44899548, "unc_up_pb": 0.0166454008025112, "unc_down_pb": -0.017167898967719974}, "155.0": {"xsec_pb": 0.4099391, "unc_up_pb": 0.015192306822547475, "unc_down_pb": -0.01563044781561053}, "157.5": {"xsec_pb": 0.37498119, "unc_up_pb": 0.014077846465927442, "unc_down_pb": -0.014429616741321457}, "160.0": {"xsec_pb": 0.3436676, "unc_up_pb": 0.013004406388190082, "unc_down_pb": -0.01330996036511375}, "165.0": {"xsec_pb": 0.29016729, "unc_up_pb": 0.011133001221318514, "unc_down_pb": -0.01137428931996983}, "170.0": {"xsec_pb": 0.24645812, "unc_up_pb": 0.009610501867231561, "unc_down_pb": -0.009755761298394953}, "180.0": {"xsec_pb": 0.1809056, "unc_up_pb": 0.007274236929524509, "unc_down_pb": -0.007347439648296379}}, "175.0": {"176.5": {"xsec_pb": 0.26208988, "unc_up_pb": 0.01016854901429087, "unc_down_pb": -0.010352189052520996}, "177.5": {"xsec_pb": 0.25377655, "unc_up_pb": 0.009893066773693037, "unc_down_pb": -0.010046587208417978}, "180.0": {"xsec_pb": 0.23442309, "unc_up_pb": 0.009182726652786126, "unc_down_pb": -0.009319829856075094}, "182.5": {"xsec_pb": 0.21682373, "unc_up_pb": 0.008551406556605575, "unc_down_pb": -0.008665816842073012}, "185.0": {"xsec_pb": 0.20082368, "unc_up_pb": 0.007979211994420787, "unc_down_pb": -0.00807469828336691}}, "200.0": {"201.0": {"xsec_pb": 0.16025566, "unc_up_pb": 0.006542119745604078, "unc_down_pb": -0.006604359842000016}, "201.5": {"xsec_pb": 0.15797288, "unc_up_pb": 0.006470173080309456, "unc_down_pb": -0.006529349098490685}, "202.5": {"xsec_pb": 0.15351682, "unc_up_pb": 0.006304593527048869, "unc_down_pb": -0.006360262652124244}, "205.0": {"xsec_pb": 0.14303504, "unc_up_pb": 0.005932923824589769, "unc_down_pb": -0.005980047285773343}, "207.5": {"xsec_pb": 0.1333996, "unc_up_pb": 0.005571458056407025, "unc_down_pb": -0.005609666447793766}, "210.0": {"xsec_pb": 0.12453789, "unc_up_pb": 0.005240664257193295, "unc_down_pb": -0.005269607621931955}, "215.0": {"xsec_pb": 0.10887036, "unc_up_pb": 0.004677583671074268, "unc_down_pb": -0.004699181268306294}, "220.0": {"xsec_pb": 0.095522189, "unc_up_pb": 0.0041656830256049686, "unc_down_pb": -0.00418301333838528}, "230.0": {"xsec_pb": 0.074279909, "unc_up_pb": 0.003354665388223825, "unc_down_pb": -0.0033648163184522894}}, "225.0": {"227.5": {"xsec_pb": 0.09775252, "unc_up_pb": 0.0042479302011357075, "unc_down_pb": -0.004264930515034437}, "230.0": {"xsec_pb": 0.091686685, "unc_up_pb": 0.004019794359074727, "unc_down_pb": -0.004036469530768685}, "232.5": {"xsec_pb": 0.086065292, "unc_up_pb": 0.003806304157689711, "unc_down_pb": -0.0038204994731964098}}, "250.0": {"251.0": {"xsec_pb": 0.067150193, "unc_up_pb": 0.00308120287856523, "unc_down_pb": -0.0030891473456917994}, "251.5": {"xsec_pb": 0.066356113, "unc_up_pb": 0.0030488050024157463, "unc_down_pb": -0.0030566746577560776}, "252.5": {"xsec_pb": 0.06480024, "unc_up_pb": 0.002986241231093144, "unc_down_pb": -0.002993033893907786}, "255.0": {"xsec_pb": 0.061101082, "unc_up_pb": 0.0028416784893252126, "unc_down_pb": -0.0028475785443883087}, "257.5": {"xsec_pb": 0.057649683, "unc_up_pb": 0.0027059134932930643, "unc_down_pb": -0.0027109716989687374}, "260.0": {"xsec_pb": 0.054429049, "unc_up_pb": 0.002577615946485239, "unc_down_pb": -0.002581600547987044}, "265.0": {"xsec_pb": 0.048607127, "unc_up_pb": 0.0023510825950256477, "unc_down_pb": -0.0023545421882152674}, "270.0": {"xsec_pb": 0.043507327, "unc_up_pb": 0.0021352011274240875, "unc_down_pb": -0.0021349586264131906}, "280.0": {"xsec_pb": 0.035097729, "unc_up_pb": 0.0017828889008752603, "unc_down_pb": -0.0017824903707591856}}, "300.0": {"301.0": {"xsec_pb": 0.032155704, "unc_up_pb": 0.001660434251733295, "unc_down_pb": -0.0016596199243634397}, "301.5": {"xsec_pb": 0.031827084, "unc_up_pb": 0.0016455334583682798, "unc_down_pb": -0.0016447294563552025}, "302.5": {"xsec_pb": 0.031180834, "unc_up_pb": 0.0016163283186553731, "unc_down_pb": -0.001615285793875279}, "305.0": {"xsec_pb": 0.029633695, "unc_up_pb": 0.0015481640127236042, "unc_down_pb": -0.0015472192489613327},