{
    "initial state": "pp",
    "order": "NNLOapprox+NNLL",
    "source": "hepi-0.2.5.13+dirty",
    "contact": "?",
    "tool": "Resummino-resummino 3.1.1-dev",
    "process_latex": "$\\tilde{\\chi}_{1}^{0}\\tilde{\\chi}_{2}^{0}$",
    "comment": "0.0.0",
    "reference": "?",
    "Ecom [GeV]": "13600",
    "process_id": "pp_13600_1000022_1000023",
    "PDF set": "PDF4LHC21_40",
    "parameters": [
        [
            "MASS_1000022"
        ],
        [
            "MASS_1000024"
        ]
    ],
    "data": {
        "80.0": {
            "80.75": {
                "xsec_pb": 8.5868872,
                "unc_up_pb": 0.3249668608160059,
                "unc_down_pb": -0.4070017455781967
            },
            "81.0": {
                "xsec_pb": 8.4774554,
                "unc_up_pb": 0.31917817649186747,
                "unc_down_pb": -0.40116303799378644
            },
            "81.5": {
                "xsec_pb": 8.2614701,
                "unc_up_pb": 0.31187442209898864,
                "unc_down_pb": -0.38984425616408247
            },
            "82.5": {
                "xsec_pb": 7.8506503,
                "unc_up_pb": 0.29487167506888096,
                "unc_down_pb": -0.3666530462828966
            },
            "85.0": {
                "xsec_pb": 6.9321641,
                "unc_up_pb": 0.25735193294264347,
                "unc_down_pb": -0.3168222432821195
            },
            "87.5": {
                "xsec_pb": 6.1438704,
                "unc_up_pb": 0.22557025326036984,
                "unc_down_pb": -0.2736890883609848
            },
            "90.0": {
                "xsec_pb": 5.4664349,
                "unc_up_pb": 0.19823883072363396,
                "unc_down_pb": -0.2394924023657607
            },
            "95.0": {
                "xsec_pb": 4.3694855,
                "unc_up_pb": 0.15724120402048852,
                "unc_down_pb": -0.18590930985527093
            },
            "100.0": {
                "xsec_pb": 3.5335006,
                "unc_up_pb": 0.12324200530177457,
                "unc_down_pb": -0.14416338483596572
            },
            "110.0": {
                "xsec_pb": 2.3831486,
                "unc_up_pb": 0.08111510323767676,
                "unc_down_pb": -0.0923865072284312
            }
        },
        "60.0": {
            "80.0": {
                "xsec_pb": 8.4392119,
                "unc_up_pb": 0.31959150731655966,
                "unc_down_pb": -0.4016129540609728
            },
            "90.0": {
                "xsec_pb": 4.9980767,
                "unc_up_pb": 0.18124012858328525,
                "unc_down_pb": -0.21835630558171643
            }
        },
        "100.0": {
            "100.75": {
                "xsec_pb": 3.5560494,
                "unc_up_pb": 0.12416124655179045,
                "unc_down_pb": -0.1450184459733474
            },
            "101.0": {
                "xsec_pb": 3.5222348,
                "unc_up_pb": 0.12269823120984813,
                "unc_down_pb": -0.1432594715915687
            },
            "101.5": {
                "xsec_pb": 3.4557998,
                "unc_up_pb": 0.12045360037393199,
                "unc_down_pb": -0.14050676951820823
            },
            "102.5": {
                "xsec_pb": 3.3266653,
                "unc_up_pb": 0.11579853280242497,
                "unc_down_pb": -0.13380630930409937
            },
            "105.0": {
                "xsec_pb": 3.0300237,
                "unc_up_pb": 0.10554433609822038,
                "unc_down_pb": -0.12144496622488792
            },
            "107.5": {
                "xsec_pb": 2.7646163,
                "unc_up_pb": 0.09504992040370921,
                "unc_down_pb": -0.10909729211993116
            },
            "110.0": {
                "xsec_pb": 2.5269468,
                "unc_up_pb": 0.08634416695441444,
                "unc_down_pb": -0.09854853223545151
            },
            "115.0": {
                "xsec_pb": 2.1210475,
                "unc_up_pb": 0.07197941062772006,
                "unc_down_pb": -0.08098836596711845
            },
            "120.0": {
                "xsec_pb": 1.7912884,
                "unc_up_pb": 0.060637845287722744,
                "unc_down_pb": -0.06678838765966554
            },
            "130.0": {
                "xsec_pb": 1.3001496,
                "unc_up_pb": 0.04363137434591377,
                "unc_down_pb": -0.0473200032113614
            }
        },
        "125.0": {
            "125.75": {
                "xsec_pb": 1.5411259,
                "unc_up_pb": 0.051923258269842024,
                "unc_down_pb": -0.056583063347937515
            },
            "126.0": {
                "xsec_pb": 1.5298071,
                "unc_up_pb": 0.05132686713644683,
                "unc_down_pb": -0.05594581521832052
            },
            "126.5": {
                "xsec_pb": 1.5073065,
                "unc_up_pb": 0.05071277404335549,
                "unc_down_pb": -0.05521882234874685
            },
            "127.5": {
                "xsec_pb": 1.4634603,
                "unc_up_pb": 0.04930143027865837,
                "unc_down_pb": -0.0535885903766969
            },
            "130.0": {
                "xsec_pb": 1.3604851,
                "unc_up_pb": 0.04551053213853842,
                "unc_down_pb": -0.04942512263417212
            },
            "132.5": {
                "xsec_pb": 1.2656627,
                "unc_up_pb": 0.042470687907763364,
                "unc_down_pb": -0.045789779949554736
            },
            "135.0": {
                "xsec_pb": 1.1786301,
                "unc_up_pb": 0.039553479551341586,
                "unc_down_pb": -0.04251880845118283
            },
            "140.0": {
                "xsec_pb": 1.0246141,
                "unc_up_pb": 0.03424467298726384,
                "unc_down_pb": -0.0364463443296392
            },
            "145.0": {
                "xsec_pb": 0.89397872,
                "unc_up_pb": 0.029832646102308485,
                "unc_down_pb": -0.03167049434799338
            },
            "155.0": {
                "xsec_pb": 0.68712799,
                "unc_up_pb": 0.023150985207857567,
                "unc_down_pb": -0.02413202308330047
            }
        },
        "150.0": {
            "151.0": {
                "xsec_pb": 0.7822552,
                "unc_up_pb": 0.026327057993863617,
                "unc_down_pb": -0.0277379911377115
            },
            "151.5": {
                "xsec_pb": 0.77270762,
                "unc_up_pb": 0.026103254537018332,
                "unc_down_pb": -0.02749859161892409
            },
            "152.5": {
                "xsec_pb": 0.7539043,
                "unc_up_pb": 0.02548791739066463,
                "unc_down_pb": -0.026732562660561503
            },
            "155.0": {
                "xsec_pb": 0.70941261,
                "unc_up_pb": 0.02384568727224682,
                "unc_down_pb": -0.0249526125151616
            },
            "157.5": {
                "xsec_pb": 0.66794554,
                "unc_up_pb": 0.022366007786024857,
                "unc_down_pb": -0.023384268609786076
            },
            "160.0": {
                "xsec_pb": 0.62918968,
                "unc_up_pb": 0.021263356549086086,
                "unc_down_pb": -0.02211107922716706
            },
            "165.0": {
                "xsec_pb": 0.5593141,
                "unc_up_pb": 0.018945682030938348,
                "unc_down_pb": -0.019678615538635223
            },
            "170.0": {
                "xsec_pb": 0.49832673,
                "unc_up_pb": 0.016869838693657054,
                "unc_down_pb": -0.017493298858134394
            },
            "180.0": {
                "xsec_pb": 0.39799242,
                "unc_up_pb": 0.013665487676463651,
                "unc_down_pb": -0.014046038633421866
            }
        },