{"initial state": "pp", "order": "NNLOapprox+NNLL", "source": "hepi-0.2.5.6+dirty", "contact": "?", "tool": "Resummino-resummino 3.1.1-dev", "process_latex": "$\\tilde{\\chi}_{1}^{+}\\tilde{\\chi}_{1}^{-}$", "comment": "0.0.0", "reference": "?", "Ecom [GeV]": "13600", "process_id": "pp_13600_1000024_-1000024", "PDF set": "PDF4LHC21_40", "data": {"80.0": {"80.75": {"xsec_pb": 7.1517224, "unc_up_pb": 0.2528308306702425, "unc_down_pb": -0.32106053001447354}, "81.0": {"xsec_pb": 7.0705997, "unc_up_pb": 0.25029512587986613, "unc_down_pb": -0.31699137326624094}, "81.5": {"xsec_pb": 6.9125518, "unc_up_pb": 0.2442758748168674, "unc_down_pb": -0.3084750985940139}, "82.5": {"xsec_pb": 6.6103099, "unc_up_pb": 0.23265250443601782, "unc_down_pb": -0.29203058880970156}, "85.0": {"xsec_pb": 5.9295311, "unc_up_pb": 0.20573542743715462, "unc_down_pb": -0.2563546885213109}, "87.5": {"xsec_pb": 5.3388735, "unc_up_pb": 0.1835203067828179, "unc_down_pb": -0.22612045652543283}, "90.0": {"xsec_pb": 4.8246392, "unc_up_pb": 0.16415265572293375, "unc_down_pb": -0.20092432833246437}, "95.0": {"xsec_pb": 3.9773918, "unc_up_pb": 0.13284219735178046, "unc_down_pb": -0.15979720445489506}, "100.0": {"xsec_pb": 3.3152814, "unc_up_pb": 0.10916198710439406, "unc_down_pb": -0.12937935979726412}, "110.0": {"xsec_pb": 2.3673047, "unc_up_pb": 0.07690995863934638, "unc_down_pb": -0.08786727951533471}}, "60.0": {"80.0": {"xsec_pb": 7.4016723, "unc_up_pb": 0.26257900645670235, "unc_down_pb": -0.3340298748294525}, "90.0": {"xsec_pb": 4.8246392, "unc_up_pb": 0.16415265572293375, "unc_down_pb": -0.20092432833246437}}, "100.0": {"100.75": {"xsec_pb": 3.2288377, "unc_up_pb": 0.10591314684066004, "unc_down_pb": -0.1253323433045968}, "101.0": {"xsec_pb": 3.2006444, "unc_up_pb": 0.105185201174185, "unc_down_pb": -0.12443403247156187}, "101.5": {"xsec_pb": 3.1453902, "unc_up_pb": 0.10356221173296923, "unc_down_pb": -0.12263691333613394}, "102.5": {"xsec_pb": 3.0379467, "unc_up_pb": 0.10064922388751066, "unc_down_pb": -0.11787449381676365}, "105.0": {"xsec_pb": 2.7889202, "unc_up_pb": 0.09231234027849017, "unc_down_pb": -0.10666239049047171}, "107.5": {"xsec_pb": 2.5671954, "unc_up_pb": 0.08366944178999533, "unc_down_pb": -0.09657789545692905}, "110.0": {"xsec_pb": 2.3673047, "unc_up_pb": 0.07690995863934638, "unc_down_pb": -0.08786727951533471}, "115.0": {"xsec_pb": 2.0240145, "unc_up_pb": 0.06527877865952333, "unc_down_pb": -0.07306612709812263}, "120.0": {"xsec_pb": 1.7428114, "unc_up_pb": 0.055924525993134064, "unc_down_pb": -0.0623048129809947}, "130.0": {"xsec_pb": 1.3146996, "unc_up_pb": 0.04200586625374804, "unc_down_pb": -0.045765960088014826}}, "125.0": {"125.75": {"xsec_pb": 1.4781591, "unc_up_pb": 0.04724095266246799, "unc_down_pb": -0.05195773252767657}, "126.0": {"xsec_pb": 1.4678681, "unc_up_pb": 0.0470916869669606, "unc_down_pb": -0.05175212968220895}, "126.5": {"xsec_pb": 1.4475623, "unc_up_pb": 0.046313178151900905, "unc_down_pb": -0.05092860676260187}, "127.5": {"xsec_pb": 1.407915, "unc_up_pb": 0.04498376415035599, "unc_down_pb": -0.04929780123833971}, "130.0": {"xsec_pb": 1.3146996, "unc_up_pb": 0.04200586625374804, "unc_down_pb": -0.045765960088014826}, "132.5": {"xsec_pb": 1.2293166, "unc_up_pb": 0.03923268514515984, "unc_down_pb": -0.04259041340970123}, "135.0": {"xsec_pb": 1.1507646, "unc_up_pb": 0.036867677508338255, "unc_down_pb": -0.03969150579732212}, "140.0": {"xsec_pb": 1.0121403, "unc_up_pb": 0.03231266901059629, "unc_down_pb": -0.03475447783762489}, "145.0": {"xsec_pb": 0.89368047, "unc_up_pb": 0.028549677068367075, "unc_down_pb": -0.030245351561984702}, "155.0": {"xsec_pb": 0.70530478, "unc_up_pb": 0.022698010533539967, "unc_down_pb": -0.023845525158012124}}, "150.0": {"151.0": {"xsec_pb": 0.77404684, "unc_up_pb": 0.02483132793994462, "unc_down_pb": -0.026218494110504847}, "151.5": {"xsec_pb": 0.76502023, "unc_up_pb": 0.02455233612273312, "unc_down_pb": -0.025931292308706288}, "152.5": {"xsec_pb": 0.74735717, "unc_up_pb": 0.023961225314858243, "unc_down_pb": -0.025285946258453835}, "155.0": {"xsec_pb": 0.70530478, "unc_up_pb": 0.022698010533539967, "unc_down_pb": -0.023845525158012124}, "157.5": {"xsec_pb": 0.66629828, "unc_up_pb": 0.021452343226622077, "unc_down_pb": -0.022553675951932955}, "160.0": {"xsec_pb": 0.62988334, "unc_up_pb": 0.020328073041932217, "unc_down_pb": -0.021304844576016703}, "165.0": {"xsec_pb": 0.56427514, "unc_up_pb": 0.018348321909824404, "unc_down_pb": -0.019112910434882634}, "170.0": {"xsec_pb": 0.50697193, "unc_up_pb": 0.01664324095186308, "unc_down_pb": -0.01724081209240923}, "180.0": {"xsec_pb": 0.41271313, "unc_up_pb": 0.013632225147117037, "unc_down_pb": -0.014050287923305647}}, "175.0": {"176.5": {"xsec_pb": 0.44298534, "unc_up_pb": 0.014576529994222334, "unc_down_pb": -0.015029525631744436}, "177.5": {"xsec_pb": 0.43406157, "unc_up_pb": 0.014315245476745758, "unc_down_pb": -0.014755893830869365}, "180.0": {"xsec_pb": 0.41271313, "unc_up_pb": 0.013632225147117037, "unc_down_pb": -0.014050287923305647}, "182.5": {"xsec_pb": 0.39263924, "unc_up_pb": 0.013014254477894284, "unc_down_pb": -0.01337969487004065}, "185.0": {"xsec_pb": 0.37377822, "unc_up_pb": 0.012399275470719168, "unc_down_pb": -0.012746405035125691}}, "200.0": {"201.0": {"xsec_pb": 0.27633592, "unc_up_pb": 0.009386847182497146, "unc_down_pb": -0.009550517773474695}, "201.5": {"xsec_pb": 0.273856, "unc_up_pb": 0.009308665989045894, "unc_down_pb": -0.009481990684709674}, "202.5": {"xsec_pb": 0.26894318, "unc_up_pb": 0.009151062026249736, "unc_down_pb": -0.009328271108960642}, "205.0": {"xsec_pb": 0.25710656, "unc_up_pb": 0.008784719865176718, "unc_down_pb": -0.00893404236779917}, "207.5": {"xsec_pb": 0.24591477, "unc_up_pb": 0.008426868558655373, "unc_down_pb": -0.0085687485033028}, "210.0": {"xsec_pb": 0.23529222, "unc_up_pb": 0.008145323084723655, "unc_down_pb": -0.008261378616758297}, "215.0": {"xsec_pb": 0.21577508, "unc_up_pb": 0.0074897240283235455, "unc_down_pb": -0.0075988117431902745}, "220.0": {"xsec_pb": 0.19819191, "unc_up_pb": 0.006950261596683273, "unc_down_pb": -0.0070377437835097995}, "230.0": {"xsec_pb": 0.16802033, "unc_up_pb": 0.005976250917994359, "unc_down_pb": -0.006039613985117649}}, "225.0": {"227.5": {"xsec_pb": 0.17499287, "unc_up_pb": 0.0061861139581473774, "unc_down_pb": -0.0062487328281169326}, "230.0": {"xsec_pb": 0.16802033, "unc_up_pb": 0.005976250917994359, "unc_down_pb": -0.006039613985117649}, "232.5": {"xsec_pb": 0.16137712, "unc_up_pb": 0.005767702896182394, "unc_down_pb": -0.005822719881449781}}, "250.0": {"251.0": {"xsec_pb": 0.12104398, "unc_up_pb": 0.004454626714086304, "unc_down_pb": -0.004483424057732135}, "251.5": {"xsec_pb": 0.12013717, "unc_up_pb": 0.004424778299194824, "unc_down_pb": -0.004453077155914252}, "252.5": {"xsec_pb": 0.11834723, "unc_up_pb": 0.0043652266678920245, "unc_down_pb": -0.004393077881187124}, "255.0": {"xsec_pb": 0.11401166, "unc_up_pb": 0.004233274849608837, "unc_down_pb": -0.004257988209463548}, "257.5": {"xsec_pb": 0.10986216, "unc_up_pb": 0.004119384887454167, "unc_down_pb": -0.004138275288400464}, "260.0": {"xsec_pb": 0.10590432, "unc_up_pb": 0.003970511804953702, "unc_down_pb": -0.003989578755617762}, "265.0": {"xsec_pb": 0.09848938, "unc_up_pb": 0.003714696649006195, "unc_down_pb": -0.0037313185007053174}, "270.0": {"xsec_pb": 0.091698401, "unc_up_pb": 0.003487763730001973, "unc_down_pb": -0.0034998796945701276}, "280.0": {"xsec_pb": 0.079743374, "unc_up_pb": 0.003089259500098368, "unc_down_pb": -0.0030976951670356524}}, "300.0": {"301.0": {"xsec_pb": 0.060226326, "unc_up_pb": 0.002418574375343487, "unc_down_pb": -0.0024212294657783035}, "301.5": {"xsec_pb": 0.059836668, "unc_up_pb": 0.00240533663461939, "unc_down_pb": -0.002407856919070803}, "302.5": {"xsec_pb": 0.059066765, "unc_up_pb": 0.0023720022371861316, "unc_down_pb": -0.002374824162337282}, "305.0": {"xsec_pb": 0.057193421, "unc_up_pb": 0.0022967650618721937, "unc_down_pb": -0.0022992739682231723}, "307.5": {"xsec_pb": 0.055397856,