{
    "initial state": "pp",
    "order": "NNLOapprox+NNLL",
    "source": "hepi-0.2.17.12",
    "contact": "Alexander Puck Neuwirth <alexander@neuwirth-informatik.de>",
    "tool": "Resummino-resummino 3.1.2-dev",
    "process_latex": "$\\tilde{\\tau}_{1}^{+}\\tilde{\\nu}_{\\tau L}$",
    "comment": "0.0.0",
    "reference": "?",
    "Ecom [GeV]": "13600",
    "process_id": "pp_13600_-1000015_1000016",
    "PDF set": "PDF4LHC21_40",
    "parameters": [
        [
            "mass_-1000015_1000016"
        ]
    ],
    "data": {
        "50": {
            "xsec_pb": 6.9757998,
            "unc_up_pb": 0.5484346371241401,
            "unc_down_pb": -0.5174773564720742,
            "unc_scale_up_pb": 0.5182865000000003,
            "unc_scale_down_pb": -0.48541029999999985,
            "unc_pdf_up_pb": 0.1793311325878375,
            "unc_pdf_down_pb": -0.1793311325878375
        },
        "60": {
            "xsec_pb": 3.0333027,
            "unc_up_pb": 0.23043310538299272,
            "unc_down_pb": -0.18576238173658682,
            "unc_scale_up_pb": 0.21581269999999986,
            "unc_scale_down_pb": -0.1672823000000001,
            "unc_pdf_up_pb": 0.08077310551885097,
            "unc_pdf_down_pb": -0.08077310551885097
        },
        "70": {
            "xsec_pb": 1.6358599,
            "unc_up_pb": 0.12046113543067129,
            "unc_down_pb": -0.09810816684968994,
            "unc_scale_up_pb": 0.1114314999999999,
            "unc_scale_down_pb": -0.08678310000000011,
            "unc_pdf_up_pb": 0.045759217180766615,
            "unc_pdf_down_pb": -0.045759217180766615
        },
        "80": {
            "xsec_pb": 0.98701753,
            "unc_up_pb": 0.07091165016775017,
            "unc_down_pb": -0.05827304793570179,
            "unc_scale_up_pb": 0.06488686999999987,
            "unc_scale_down_pb": -0.0507699900000001,
            "unc_pdf_up_pb": 0.028603430408195553,
            "unc_pdf_down_pb": -0.028603430408195775
        },
        "90": {
            "xsec_pb": 0.63991217,
            "unc_up_pb": 0.04509541911297082,
            "unc_down_pb": -0.03730666399953891,
            "unc_scale_up_pb": 0.04081734999999992,
            "unc_scale_down_pb": -0.03200385000000011,
            "unc_pdf_up_pb": 0.01917135268967717,
            "unc_pdf_down_pb": -0.01917135268967717
        },
        "100": {
            "xsec_pb": 0.43687945,
            "unc_up_pb": 0.03026732332379481,
            "unc_down_pb": -0.025200563473324028,
            "unc_scale_up_pb": 0.02709905000000004,
            "unc_scale_down_pb": -0.021291219999999972,
            "unc_pdf_up_pb": 0.01348155592966305,
            "unc_pdf_down_pb": -0.01348155592966305
        },
        "110": {
            "xsec_pb": 0.31002165,
            "unc_up_pb": 0.02117733661765362,
            "unc_down_pb": -0.017780800014617217,
            "unc_scale_up_pb": 0.018713950000000035,
            "unc_scale_down_pb": -0.014761069999999987,
            "unc_pdf_up_pb": 0.009913004671385553,
            "unc_pdf_down_pb": -0.009913004671385553
        },
        "120": {
            "xsec_pb": 0.22693583,
            "unc_up_pb": 0.015297573365987145,
            "unc_down_pb": -0.012942857892129518,
            "unc_scale_up_pb": 0.013352119999999981,
            "unc_scale_down_pb": -0.01057265000000003,
            "unc_pdf_up_pb": 0.007465697716446814,
            "unc_pdf_down_pb": -0.007465697716446814
        },
        "130": {
            "xsec_pb": 0.17027071,
            "unc_up_pb": 0.011382554332465423,
            "unc_down_pb": -0.009697688396557536,
            "unc_scale_up_pb": 0.009805979999999992,
            "unc_scale_down_pb": -0.007787160000000015,
            "unc_pdf_up_pb": 0.005779731773285587,
            "unc_pdf_down_pb": -0.005779731773285587
        },
        "140": {
            "xsec_pb": 0.13044078,
            "unc_up_pb": 0.008653086539421373,
            "unc_down_pb": -0.007414914708849751,
            "unc_scale_up_pb": 0.007365310000000007,
            "unc_scale_down_pb": -0.005861129999999985,
            "unc_pdf_up_pb": 0.004541818497321967,
            "unc_pdf_down_pb": -0.004541818497321967
        },
        "150": {
            "xsec_pb": 0.10169221,
            "unc_up_pb": 0.006721450870882405,
            "unc_down_pb": -0.005791024974992058,
            "unc_scale_up_pb": 0.0056409900000000054,
            "unc_scale_down_pb": -0.004492085999999999,
            "unc_pdf_up_pb": 0.0036547412534385757,
            "unc_pdf_down_pb": -0.0036547412534385757
        },
        "160": {
            "xsec_pb": 0.080495141,
            "unc_up_pb": 0.005292518430162863,
            "unc_down_pb": -0.004602081244560286,
            "unc_scale_up_pb": 0.004391123000000004,
            "unc_scale_down_pb": -0.0035285069999999932,
            "unc_pdf_up_pb": 0.002954452594387762,
            "unc_pdf_down_pb": -0.002954452594387762
        },
        "170": {
            "xsec_pb": 0.064548647,
            "unc_up_pb": 0.004241500304242773,
            "unc_down_pb": -0.003710025012059575,
            "unc_scale_up_pb": 0.0034661050000000006,
            "unc_scale_down_pb": -0.002790670999999998,
            "unc_pdf_up_pb": 0.002444676043950732,
            "unc_pdf_down_pb": -0.002444676043950732
        },
        "180": {
            "xsec_pb": 0.052329757,
            "unc_up_pb": 0.003456139552202215,
            "unc_down_pb": -0.0030075553693078468,
            "unc_scale_up_pb": 0.0027872120000000007,
            "unc_scale_down_pb": -0.002206589999999998,
            "unc_pdf_up_pb": 0.0020436119669233915,
            "unc_pdf_down_pb": -0.0020436119669233915
        },
        "190": {
            "xsec_pb": 0.042877345,
            "unc_up_pb": 0.0028340693609789232,
            "unc_down_pb": -0.002477117838988381,
            "unc_scale_up_pb": 0.002254167000000005,
            "unc_scale_down_pb": -0.0017847779999999903,
            "unc_pdf_up_pb": 0.0017177544291750446,
            "unc_pdf_down_pb": -0.0017177544291750446
        },
        "200": {
            "xsec_pb": 0.035454161,
            "unc_up_pb": 0.002366543558102103,
            "unc_down_pb": -0.0020541636165375254,
            "unc_scale_up_pb": 0.0018729630000000018,
            "unc_scale_down_pb": -0.0014584410000000013,
            "unc_pdf_up_pb": 0.001446560753313022,
            "unc_pdf_down_pb": -0.001446560753313022
        },
        "210": {
            "xsec_pb": 0.029558897,
            "unc_up_pb": 0.002007754017052922,
            "unc_down_pb": -0.0017363394722798712,
            "unc_scale_up_pb": 0.0015714739999999998,
            "unc_scale_down_pb": -0.001205541000000001,
            "unc_pdf_up_pb": 0.0012496182058197383,
            "unc_pdf_down_pb": -0.0012496182058197383
        },
        "220": {
            "xsec_pb": 0.024817083,
            "unc_up_pb": 0.0017123502528270658,
            "unc_down_pb": -0.0014688011218871376,
            "unc_scale_up_pb": 0.0013329679999999986,
            "unc_scale_down_pb": -0.001001018000000001,
            "unc_pdf_up_pb": 0.0010748672938241794,
            "unc_pdf_down_pb": -0.0010748672938241794
        },
        "230": {
            "xsec_pb": 0.020981567,
            "unc_up_pb": 0.0014538670836642168,
            "unc_down_pb": -0.0012438319770203244,
            "unc_scale_up_pb": 0.0011263269999999981,
            "unc_scale_down_pb": -0.0008378550000000002,
            "unc_pdf_up_pb": 0.0009193024453537002,
            "unc_pdf_down_pb": -0.0009193024453537002
        },
        "240": {
            "xsec_pb": 0.017842937,
            "unc_up_pb": 0.0012539941397785497,
            "unc_down_pb": -0.0010688339905331175,
            "unc_scale_up_pb": 0.0009640290000000017,
            "unc_scale_down_pb": -0.0007065810000000013,
            "unc_pdf_up_pb": 0.0008019659529917366,
            "unc_pdf_down_pb": -0.0008019659529917366
        },