{"initial state": "pp", "order": "NNLOapprox+NNLL", "source": "hepi-0.2.5.6+dirty", "contact": "?", "tool": "Resummino-resummino 3.1.1-dev", "process_latex": "$\\tilde{\\chi}_{2}^{0}\\tilde{\\chi}_{1}^{-}$", "comment": "0.0.0", "reference": "?", "Ecom [GeV]": "13600", "process_id": "pp_13600_1000023_-1000024", "PDF set": "PDF4LHC21_40", "data": {"80.0": {"80.75": {"xsec_pb": 5.4020183, "unc_up_pb": 0.20755978059706554, "unc_down_pb": -0.25387543335719226}, "81.0": {"xsec_pb": 5.3039534, "unc_up_pb": 0.2035169768119703, "unc_down_pb": -0.24839412941413017}, "81.5": {"xsec_pb": 5.1153385, "unc_up_pb": 0.1940767470068409, "unc_down_pb": -0.23667151326999097}, "82.5": {"xsec_pb": 4.7639276, "unc_up_pb": 0.17881933923704474, "unc_down_pb": -0.21761605808653806}, "85.0": {"xsec_pb": 4.0139486, "unc_up_pb": 0.1485972920269668, "unc_down_pb": -0.1781611474106174}, "87.5": {"xsec_pb": 3.4118749, "unc_up_pb": 0.12434881983421067, "unc_down_pb": -0.1481807966781146}, "90.0": {"xsec_pb": 2.9215905, "unc_up_pb": 0.1060071171865932, "unc_down_pb": -0.12419889012955068}, "95.0": {"xsec_pb": 2.1853606, "unc_up_pb": 0.07816232527282105, "unc_down_pb": -0.08938227768234705}, "100.0": {"xsec_pb": 1.6718155, "unc_up_pb": 0.05939738797660571, "unc_down_pb": -0.06660704143469692}, "110.0": {"xsec_pb": 1.0313429, "unc_up_pb": 0.03662116885223991, "unc_down_pb": -0.039469813448688315}}, "60.0": {"80.0": {"xsec_pb": 3.5641412, "unc_up_pb": 0.12985196816635186, "unc_down_pb": -0.15532780622527115}, "90.0": {"xsec_pb": 1.969592, "unc_up_pb": 0.07010137217538129, "unc_down_pb": -0.07967868270071535}}, "100.0": {"100.75": {"xsec_pb": 2.3104174, "unc_up_pb": 0.08273740687088135, "unc_down_pb": -0.09514567829422269}, "101.0": {"xsec_pb": 2.2782692, "unc_up_pb": 0.0817313451293572, "unc_down_pb": -0.09365014240685421}, "101.5": {"xsec_pb": 2.2157817, "unc_up_pb": 0.07946121007168827, "unc_down_pb": -0.09088701014631884}, "102.5": {"xsec_pb": 2.0970147, "unc_up_pb": 0.07499296744221946, "unc_down_pb": -0.08522224830095555}, "105.0": {"xsec_pb": 1.8344503, "unc_up_pb": 0.06524500472086459, "unc_down_pb": -0.07355482792431545}, "107.5": {"xsec_pb": 1.6124089, "unc_up_pb": 0.05726469302752657, "unc_down_pb": -0.06390146467403401}, "110.0": {"xsec_pb": 1.4233689, "unc_up_pb": 0.050529843670159585, "unc_down_pb": -0.055775866433259075}, "115.0": {"xsec_pb": 1.1223467, "unc_up_pb": 0.03988906189755993, "unc_down_pb": -0.04311683287438174}, "120.0": {"xsec_pb": 0.89772964, "unc_up_pb": 0.03192805987331609, "unc_down_pb": -0.03413285659406711}, "130.0": {"xsec_pb": 0.59484438, "unc_up_pb": 0.021477501731679713, "unc_down_pb": -0.022487682760424774}}, "125.0": {"125.75": {"xsec_pb": 1.0100294, "unc_up_pb": 0.03583955643178031, "unc_down_pb": -0.03854835560250073}, "126.0": {"xsec_pb": 0.99895607, "unc_up_pb": 0.03545757306267216, "unc_down_pb": -0.03814811370005399}, "126.5": {"xsec_pb": 0.97716043, "unc_up_pb": 0.03474888944184258, "unc_down_pb": -0.037352958780838066}, "127.5": {"xsec_pb": 0.93535824, "unc_up_pb": 0.03330720409497556, "unc_down_pb": -0.03572408442639863}, "130.0": {"xsec_pb": 0.84016204, "unc_up_pb": 0.02990985559166237, "unc_down_pb": -0.031740333898749196}, "132.5": {"xsec_pb": 0.75695027, "unc_up_pb": 0.02700528377501236, "unc_down_pb": -0.02862103310254453}, "135.0": {"xsec_pb": 0.68365242, "unc_up_pb": 0.024662947005819485, "unc_down_pb": -0.025862286512854143}, "140.0": {"xsec_pb": 0.56201187, "unc_up_pb": 0.020335871786579793, "unc_down_pb": -0.02122117215436757}, "145.0": {"xsec_pb": 0.46608887, "unc_up_pb": 0.017071030116169325, "unc_down_pb": -0.01765462710679437}, "155.0": {"xsec_pb": 0.32835283, "unc_up_pb": 0.012274683824930363, "unc_down_pb": -0.012570064032410797}}, "150.0": {"151.0": {"xsec_pb": 0.50963624, "unc_up_pb": 0.018525977824242076, "unc_down_pb": -0.0192636926206428}, "151.5": {"xsec_pb": 0.50029649, "unc_up_pb": 0.018255788722281188, "unc_down_pb": -0.018967582282720344}, "152.5": {"xsec_pb": 0.48224887, "unc_up_pb": 0.017704250915218746, "unc_down_pb": -0.01839518360309087}, "155.0": {"xsec_pb": 0.44046732, "unc_up_pb": 0.0161529196140532, "unc_down_pb": -0.016713652107859814}, "157.5": {"xsec_pb": 0.4031273, "unc_up_pb": 0.014861880087391453, "unc_down_pb": -0.01529544422594201}, "160.0": {"xsec_pb": 0.36960145, "unc_up_pb": 0.013688091374014465, "unc_down_pb": -0.014033163395334967}, "165.0": {"xsec_pb": 0.3123702, "unc_up_pb": 0.011719247411933024, "unc_down_pb": -0.01199147172048947}, "170.0": {"xsec_pb": 0.2656723, "unc_up_pb": 0.010159126794982737, "unc_down_pb": -0.010378204233707139}, "180.0": {"xsec_pb": 0.19536958, "unc_up_pb": 0.007698013238659922, "unc_down_pb": -0.007797539688195458}}, "175.0": {"176.5": {"xsec_pb": 0.28238478, "unc_up_pb": 0.01072548085565739, "unc_down_pb": -0.010966925834306142}, "177.5": {"xsec_pb": 0.27351134, "unc_up_pb": 0.010421629118545297, "unc_down_pb": -0.010658319121954054}, "180.0": {"xsec_pb": 0.25276653, "unc_up_pb": 0.00976134546232078, "unc_down_pb": -0.009960994892437635}, "182.5": {"xsec_pb": 0.23388466, "unc_up_pb": 0.00903105095901001, "unc_down_pb": -0.009171999427771237}, "185.0": {"xsec_pb": 0.2167437, "unc_up_pb": 0.008447601813805805, "unc_down_pb": -0.008575314527626087}}, "200.0": {"201.0": {"xsec_pb": 0.17320762, "unc_up_pb": 0.006921615675900486, "unc_down_pb": -0.006990921632579741}, "201.5": {"xsec_pb": 0.17075292, "unc_up_pb": 0.006835067074888582, "unc_down_pb": -0.006901683290439067}, "202.5": {"xsec_pb": 0.16596704, "unc_up_pb": 0.00666234956553214, "unc_down_pb": -0.006721580032503234}, "205.0": {"xsec_pb": 0.15471252, "unc_up_pb": 0.006263409122645287, "unc_down_pb": -0.006323051188116109}, "207.5": {"xsec_pb": 0.14437016, "unc_up_pb": 0.00589701478791098, "unc_down_pb": -0.005949358567487838}, "210.0": {"xsec_pb": 0.134844, "unc_up_pb": 0.005555582593436081, "unc_down_pb": -0.005595748326764738}, "215.0": {"xsec_pb": 0.11798822, "unc_up_pb": 0.004927221472512318, "unc_down_pb": -0.004953398349253431}, "220.0": {"xsec_pb": 0.10362208, "unc_up_pb": 0.004417275834328051, "unc_down_pb": -0.004437428780604659}, "230.0": {"xsec_pb": 0.080734461, "unc_up_pb": 0.0035465874459525053, "unc_down_pb": -0.0035591668830664462}}, "225.0": {"227.5": {"xsec_pb": 0.10602451, "unc_up_pb": 0.004502070426047701, "unc_down_pb": -0.004522307594170612}, "230.0": {"xsec_pb": 0.099490813, "unc_up_pb": 0.004256436423030443, "unc_down_pb": -0.004274165610738564}, "232.5": {"xsec_pb": 0.093434548, "unc_up_pb": 0.0040266315130083104, "unc_down_pb": -0.004042731933856186}}, "250.0": {"251.0": {"xsec_pb": 0.073042564, "unc_up_pb": 0.0032594826310751142, "unc_down_pb": -0.003269610941294435}, "251.5": {"xsec_pb": 0.072187311, "unc_up_pb": 0.0032277150019450933, "unc_down_pb": -0.0032385662905320316}, "252.5": {"xsec_pb": 0.07050735, "unc_up_pb": 0.0031622821795691536, "unc_down_pb": -0.0031709499092063276}, "255.0": {"xsec_pb": 0.066513713, "unc_up_pb": 0.0030106464319479788, "unc_down_pb": -0.003017972297723266}, "257.5": {"xsec_pb": 0.062790456, "unc_up_pb": 0.0028639094452369124, "unc_down_pb": -0.002871896898296517}, "260.0": {"xsec_pb": 0.059309932, "unc_up_pb": 0.002730568135588422, "unc_down_pb": -0.0027363869681775355}, "265.0": {"xsec_pb": 0.053017331, "unc_up_pb": 0.002482172078989654, "unc_down_pb": -0.00248644541309634}, "270.0": {"xsec_pb": 0.047505272, "unc_up_pb": 0.002267476663636354, "unc_down_pb": -0.002271163842747471}, "280.0": {"xsec_pb": 0.038392859, "unc_up_pb": 0.0018913479663991532, "unc_down_pb": -0.00189100167679122}}, "300.0": {"301.0": {"xsec_pb": 0.035204198, "unc_up_pb": 0.0017579816374882935, "unc_down_pb": -0.0017579494210980574}, "301.5": {"xsec_pb": 0.034847658, "unc_up_pb": 0.0017431944822438128, "unc_down_pb": -0.0017430005551993622}, "302.5": {"xsec_pb": 0.034147369, "unc_up_pb": 0.0017143521439029884, "unc_down_pb": -0.0017142220219402142}, "305.0": {"xsec_pb": 0.032468231, "unc_up_pb": 0.0016475793068323175, "unc_down_pb": -0.0016472720983025358},