{
    "initial state": "pp",
    "order": "NNLOapprox+NNLL",
    "source": "hepi-0.2.17.12",
    "contact": "Alexander Puck Neuwirth <alexander@neuwirth-informatik.de>",
    "tool": "Resummino-resummino 3.1.2-dev",
    "process_latex": "$\\tilde{\\tau}_{1}^{-}\\overline{\\tilde{\\nu}}_{\\tau L}$",
    "comment": "0.0.0",
    "reference": "?",
    "Ecom [GeV]": "13600",
    "process_id": "pp_13600_1000015_-1000016",
    "PDF set": "PDF4LHC21_40",
    "parameters": [
        [
            "mass_1000015_-1000016"
        ]
    ],
    "data": {
        "50": {
            "xsec_pb": 4.848232,
            "unc_up_pb": 0.3787906123185216,
            "unc_down_pb": -0.3677280416826161,
            "unc_scale_up_pb": 0.35889539999999975,
            "unc_scale_down_pb": -0.3471995000000003,
            "unc_pdf_up_pb": 0.12114627455882074,
            "unc_pdf_down_pb": -0.12114627455882074
        },
        "60": {
            "xsec_pb": 2.0446003,
            "unc_up_pb": 0.15455264713569966,
            "unc_down_pb": -0.12765621612174644,
            "unc_scale_up_pb": 0.14519170000000003,
            "unc_scale_down_pb": -0.11614740000000023,
            "unc_pdf_up_pb": 0.052970661575649856,
            "unc_pdf_down_pb": -0.052970661575649856
        },
        "70": {
            "xsec_pb": 1.0747219,
            "unc_up_pb": 0.07849771767310751,
            "unc_down_pb": -0.06363832686240953,
            "unc_scale_up_pb": 0.07294600000000029,
            "unc_scale_down_pb": -0.05664859999999983,
            "unc_pdf_up_pb": 0.02899608187129557,
            "unc_pdf_down_pb": -0.02899608187129557
        },
        "80": {
            "xsec_pb": 0.63357186,
            "unc_up_pb": 0.045179451714252084,
            "unc_down_pb": -0.036972962136372356,
            "unc_scale_up_pb": 0.041512620000000056,
            "unc_scale_down_pb": -0.03239003999999995,
            "unc_pdf_up_pb": 0.017829336441270844,
            "unc_pdf_down_pb": -0.017829336441270844
        },
        "90": {
            "xsec_pb": 0.40220567,
            "unc_up_pb": 0.028163679479021222,
            "unc_down_pb": -0.023165528022869322,
            "unc_scale_up_pb": 0.025593939999999926,
            "unc_scale_down_pb": -0.019962430000000086,
            "unc_pdf_up_pb": 0.011753428311494578,
            "unc_pdf_down_pb": -0.011753428311494578
        },
        "100": {
            "xsec_pb": 0.26919321,
            "unc_up_pb": 0.018546568068946504,
            "unc_down_pb": -0.015399225189783653,
            "unc_scale_up_pb": 0.016638249999999966,
            "unc_scale_down_pb": -0.013038109999999992,
            "unc_pdf_up_pb": 0.008194133515727424,
            "unc_pdf_down_pb": -0.008194133515727424
        },
        "110": {
            "xsec_pb": 0.1875123,
            "unc_up_pb": 0.012754762916968691,
            "unc_down_pb": -0.010665583059879073,
            "unc_scale_up_pb": 0.011300250000000012,
            "unc_scale_down_pb": -0.00887504,
            "unc_pdf_up_pb": 0.005915093152738971,
            "unc_pdf_down_pb": -0.005915093152738971
        },
        "120": {
            "xsec_pb": 0.13480918,
            "unc_up_pb": 0.009056210938686872,
            "unc_down_pb": -0.007622829677363397,
            "unc_scale_up_pb": 0.007930280000000026,
            "unc_scale_down_pb": -0.0062435500000000005,
            "unc_pdf_up_pb": 0.004373284313601367,
            "unc_pdf_down_pb": -0.004373284313601367
        },
        "130": {
            "xsec_pb": 0.099463128,
            "unc_up_pb": 0.006633932653282453,
            "unc_down_pb": -0.005629558847618442,
            "unc_scale_up_pb": 0.005718632000000001,
            "unc_scale_down_pb": -0.004515043999999996,
            "unc_pdf_up_pb": 0.00336248576158519,
            "unc_pdf_down_pb": -0.00336248576158519
        },
        "140": {
            "xsec_pb": 0.074960098,
            "unc_up_pb": 0.004960814565922423,
            "unc_down_pb": -0.004238796432135922,
            "unc_scale_up_pb": 0.004221127999999984,
            "unc_scale_down_pb": -0.0033429980000000067,
            "unc_pdf_up_pb": 0.002606100451840679,
            "unc_pdf_down_pb": -0.002606100451840679
        },
        "150": {
            "xsec_pb": 0.057542437,
            "unc_up_pb": 0.0037985926033959295,
            "unc_down_pb": -0.0032695785562665792,
            "unc_scale_up_pb": 0.0031801489999999932,
            "unc_scale_down_pb": -0.0025247150000000107,
            "unc_pdf_up_pb": 0.002077488412572558,
            "unc_pdf_down_pb": -0.002077488412572558
        },
        "160": {
            "xsec_pb": 0.044859375,
            "unc_up_pb": 0.002953480075576231,
            "unc_down_pb": -0.0025595204965275895,
            "unc_scale_up_pb": 0.0024349249999999906,
            "unc_scale_down_pb": -0.0019382880000000102,
            "unc_pdf_up_pb": 0.00167158152693813,
            "unc_pdf_down_pb": -0.00167158152693813
        },
        "170": {
            "xsec_pb": 0.035449716,
            "unc_up_pb": 0.002336333492728772,
            "unc_down_pb": -0.002039341253179854,
            "unc_scale_up_pb": 0.001892267000000003,
            "unc_scale_down_pb": -0.0015103419999999979,
            "unc_pdf_up_pb": 0.0013703210536064887,
            "unc_pdf_down_pb": -0.0013703210536064887
        },
        "180": {
            "xsec_pb": 0.028350598,
            "unc_up_pb": 0.0018779921940012632,
            "unc_down_pb": -0.0016571746967579144,
            "unc_scale_up_pb": 0.0014908459999999988,
            "unc_scale_down_pb": -0.0012008310000000012,
            "unc_pdf_up_pb": 0.0011420301594151014,
            "unc_pdf_down_pb": -0.0011420301594151014
        },
        "190": {
            "xsec_pb": 0.022908735,
            "unc_up_pb": 0.0015183498628070548,
            "unc_down_pb": -0.0013357161898544152,
            "unc_scale_up_pb": 0.0011940240000000036,
            "unc_scale_down_pb": -0.000951022999999997,
            "unc_pdf_up_pb": 0.00093791950257482,
            "unc_pdf_down_pb": -0.00093791950257482
        },
        "200": {
            "xsec_pb": 0.018693243,
            "unc_up_pb": 0.0012537666533522797,
            "unc_down_pb": -0.001101782016590927,
            "unc_scale_up_pb": 0.0009701879999999986,
            "unc_scale_down_pb": -0.0007637130000000009,
            "unc_pdf_up_pb": 0.0007941448644385814,
            "unc_pdf_down_pb": -0.0007941448644385814
        },
        "210": {
            "xsec_pb": 0.01538433,
            "unc_up_pb": 0.0010499820226358334,
            "unc_down_pb": -0.000915859969383663,
            "unc_scale_up_pb": 0.0008042419999999984,
            "unc_scale_down_pb": -0.0006189850000000007,
            "unc_pdf_up_pb": 0.000675023742763498,
            "unc_pdf_down_pb": -0.000675023742763498
        },
        "220": {
            "xsec_pb": 0.012753852,
            "unc_up_pb": 0.0008845003753060187,
            "unc_down_pb": -0.0007641006255117744,
            "unc_scale_up_pb": 0.0006754029999999989,
            "unc_scale_down_pb": -0.0005076200000000012,
            "unc_pdf_up_pb": 0.0005711144381886054,
            "unc_pdf_down_pb": -0.0005711144381886054
        },
        "230": {
            "xsec_pb": 0.010651268,
            "unc_up_pb": 0.000746680800388339,
            "unc_down_pb": -0.0006438133440909507,
            "unc_scale_up_pb": 0.0005658079999999975,
            "unc_scale_down_pb": -0.00042083500000000135,
            "unc_pdf_up_pb": 0.0004872304637484939,
            "unc_pdf_down_pb": -0.0004872304637484939
        },
        "240": {
            "xsec_pb": 0.0089514266,
            "unc_up_pb": 0.000639062224464894,
            "unc_down_pb": -0.000550417430679344,
            "unc_scale_up_pb": 0.00047730710000000107,
            "unc_scale_down_pb": -0.0003498297999999997,
            "unc_pdf_up_pb": 0.0004249452423873095,