{
    "initial state": "pp",
    "order": "NNLOapprox+NNLL",
    "source": "hepi-0.2.17.12",
    "contact": "Alexander Puck Neuwirth <alexander@neuwirth-informatik.de>",
    "tool": "Resummino-resummino 3.1.2-dev",
    "process_latex": "$\\tilde{e}_{L}^{-}\\overline{\\tilde{\\nu}}_{eL}$",
    "comment": "0.0.0",
    "reference": "?",
    "Ecom [GeV]": "13600",
    "process_id": "pp_13600_1000011_-1000012",
    "PDF set": "PDF4LHC21_40",
    "parameters": [
        [
            "mass_1000011_-1000012"
        ]
    ],
    "data": {
        "50": {
            "xsec_pb": 9.696464,
            "unc_up_pb": 0.7575814111910828,
            "unc_down_pb": -0.7354559859179088,
            "unc_scale_up_pb": 0.7177910000000001,
            "unc_scale_down_pb": -0.6943989000000013,
            "unc_pdf_up_pb": 0.24229253992079916,
            "unc_pdf_down_pb": -0.24229253992079916
        },
        "60": {
            "xsec_pb": 4.0892006,
            "unc_up_pb": 0.30910539351464916,
            "unc_down_pb": -0.25531234767571764,
            "unc_scale_up_pb": 0.2903834999999999,
            "unc_scale_down_pb": -0.23229469999999974,
            "unc_pdf_up_pb": 0.10594133861527544,
            "unc_pdf_down_pb": -0.10594133861527544
        },
        "70": {
            "xsec_pb": 2.1494437,
            "unc_up_pb": 0.1569954584042314,
            "unc_down_pb": -0.12727659315037004,
            "unc_scale_up_pb": 0.1458919999999997,
            "unc_scale_down_pb": -0.11329710000000026,
            "unc_pdf_up_pb": 0.0579922261648473,
            "unc_pdf_down_pb": -0.0579922261648473
        },
        "80": {
            "xsec_pb": 1.2671437,
            "unc_up_pb": 0.0903589561533411,
            "unc_down_pb": -0.07394593885428379,
            "unc_scale_up_pb": 0.08302529999999997,
            "unc_scale_down_pb": -0.06478010000000001,
            "unc_pdf_up_pb": 0.035658666787072295,
            "unc_pdf_down_pb": -0.035658666787072295
        },
        "90": {
            "xsec_pb": 0.80441134,
            "unc_up_pb": 0.056327364775384574,
            "unc_down_pb": -0.046331063118219655,
            "unc_scale_up_pb": 0.05118787999999985,
            "unc_scale_down_pb": -0.03992486000000017,
            "unc_pdf_up_pb": 0.023506870562557746,
            "unc_pdf_down_pb": -0.023506870562557746
        },
        "100": {
            "xsec_pb": 0.53838642,
            "unc_up_pb": 0.03709313784251481,
            "unc_down_pb": -0.030798443965854884,
            "unc_scale_up_pb": 0.03327649999999993,
            "unc_scale_down_pb": -0.026076210000000044,
            "unc_pdf_up_pb": 0.016388270889688295,
            "unc_pdf_down_pb": -0.016388270889688295
        },
        "110": {
            "xsec_pb": 0.37502459,
            "unc_up_pb": 0.025509533880507397,
            "unc_down_pb": -0.02133115682623791,
            "unc_scale_up_pb": 0.022600510000000018,
            "unc_scale_down_pb": -0.017750070000000007,
            "unc_pdf_up_pb": 0.011830184552265232,
            "unc_pdf_down_pb": -0.011830184552265232
        },
        "120": {
            "xsec_pb": 0.26961836,
            "unc_up_pb": 0.018112424704986536,
            "unc_down_pb": -0.015245652310705078,
            "unc_scale_up_pb": 0.015860570000000018,
            "unc_scale_down_pb": -0.012487100000000029,
            "unc_pdf_up_pb": 0.008746556349152857,
            "unc_pdf_down_pb": -0.008746556349152857
        },
        "130": {
            "xsec_pb": 0.19892626,
            "unc_up_pb": 0.013267854842008991,
            "unc_down_pb": -0.011259111031032614,
            "unc_scale_up_pb": 0.011437260000000005,
            "unc_scale_down_pb": -0.00903008999999999,
            "unc_pdf_up_pb": 0.006724957680240142,
            "unc_pdf_down_pb": -0.006724957680240142
        },
        "140": {
            "xsec_pb": 0.1499202,
            "unc_up_pb": 0.009921627001642999,
            "unc_down_pb": -0.00847759950087478,
            "unc_scale_up_pb": 0.008442249999999998,
            "unc_scale_down_pb": -0.006685999999999984,
            "unc_pdf_up_pb": 0.005212206567014786,
            "unc_pdf_down_pb": -0.005212206567014786
        },
        "150": {
            "xsec_pb": 0.11508487,
            "unc_up_pb": 0.007597185863329144,
            "unc_down_pb": -0.006539155930001074,
            "unc_scale_up_pb": 0.006360299999999985,
            "unc_scale_down_pb": -0.005049430000000021,
            "unc_pdf_up_pb": 0.004154974964060332,
            "unc_pdf_down_pb": -0.004154974964060332
        },
        "160": {
            "xsec_pb": 0.08971875,
            "unc_up_pb": 0.005906960489804916,
            "unc_down_pb": -0.0051190404325118875,
            "unc_scale_up_pb": 0.0048698509999999945,
            "unc_scale_down_pb": -0.0038765760000000066,
            "unc_pdf_up_pb": 0.0033431621955740368,
            "unc_pdf_down_pb": -0.0033431621955740368
        },
        "170": {
            "xsec_pb": 0.070899432,
            "unc_up_pb": 0.004672667842669797,
            "unc_down_pb": -0.004078683488409018,
            "unc_scale_up_pb": 0.003784534000000006,
            "unc_scale_down_pb": -0.0030206839999999957,
            "unc_pdf_up_pb": 0.0027406435687196496,
            "unc_pdf_down_pb": -0.0027406435687196496
        },
        "180": {
            "xsec_pb": 0.056701195,
            "unc_up_pb": 0.0037559850711945545,
            "unc_down_pb": -0.003314349268111514,
            "unc_scale_up_pb": 0.0029816930000000005,
            "unc_scale_down_pb": -0.002401662000000006,
            "unc_pdf_up_pb": 0.0022840601368587757,
            "unc_pdf_down_pb": -0.0022840601368587757
        },
        "190": {
            "xsec_pb": 0.04581747,
            "unc_up_pb": 0.003036699818679929,
            "unc_down_pb": -0.0026714317735049243,
            "unc_scale_up_pb": 0.002388048000000007,
            "unc_scale_down_pb": -0.0019020449999999946,
            "unc_pdf_up_pb": 0.0018758391558091234,
            "unc_pdf_down_pb": -0.0018758391558091234
        },
        "200": {
            "xsec_pb": 0.037386486,
            "unc_up_pb": 0.002507531763832051,
            "unc_down_pb": -0.002203563158041465,
            "unc_scale_up_pb": 0.0019403749999999977,
            "unc_scale_down_pb": -0.0015274260000000019,
            "unc_pdf_up_pb": 0.0015882885147232148,
            "unc_pdf_down_pb": -0.0015882885147232148
        },
        "210": {
            "xsec_pb": 0.030768659,
            "unc_up_pb": 0.0020999647837663185,
            "unc_down_pb": -0.001831718353302085,
            "unc_scale_up_pb": 0.0016084859999999992,
            "unc_scale_down_pb": -0.0012379690000000054,
            "unc_pdf_up_pb": 0.0013500462513790826,
            "unc_pdf_down_pb": -0.0013500462513790757
        },
        "220": {
            "xsec_pb": 0.025507705,
            "unc_up_pb": 0.0017689996711597459,
            "unc_down_pb": -0.0015282030979916481,
            "unc_scale_up_pb": 0.0013508039999999989,
            "unc_scale_down_pb": -0.0010152420000000013,
            "unc_pdf_up_pb": 0.0011422295698095366,
            "unc_pdf_down_pb": -0.0011422295698095366
        },
        "230": {
            "xsec_pb": 0.021302537,
            "unc_up_pb": 0.0014933615836421961,
            "unc_down_pb": -0.00128762885446751,
            "unc_scale_up_pb": 0.0011316149999999955,
            "unc_scale_down_pb": -0.0008416720000000016,
            "unc_pdf_up_pb": 0.000974462062511067,
            "unc_pdf_down_pb": -0.000974462062511067
        },
        "240": {
            "xsec_pb": 0.017902853,
            "unc_up_pb": 0.0012781240001420602,
            "unc_down_pb": -0.0011008341323851412,
            "unc_scale_up_pb": 0.0009546139999999995,
            "unc_scale_down_pb": -0.0006996589999999983,
            "unc_pdf_up_pb": 0.0008498900345004324,
            "unc_pdf_down_pb": -0.0008498900345004324
        },