{"initial state": "pp", "order": "NNLOapprox+NNLL", "source": "hepi-0.2.5.6+dirty", "contact": "?", "tool": "Resummino-resummino 3.1.1-dev", "process_latex": "$\\tilde{\\chi}_{2}^{0}\\tilde{\\chi}_{1}^{+}$", "comment": "0.0.0", "reference": "?", "Ecom [GeV]": "13600", "process_id": "pp_13600_1000023_1000024", "PDF set": "PDF4LHC21_40", "data": {"80.0": {"80.75": {"xsec_pb": 8.1868941, "unc_up_pb": 0.30675081528885956, "unc_down_pb": -0.3777922277084453}, "81.0": {"xsec_pb": 8.0453265, "unc_up_pb": 0.30103613929990586, "unc_down_pb": -0.37043130537662633}, "81.5": {"xsec_pb": 7.7699111, "unc_up_pb": 0.2911206996629117, "unc_down_pb": -0.35564187147096843}, "82.5": {"xsec_pb": 7.2579714, "unc_up_pb": 0.2686240720655684, "unc_down_pb": -0.32816577620589604}, "85.0": {"xsec_pb": 6.1595499, "unc_up_pb": 0.2268132121984505, "unc_down_pb": -0.27210736716492945}, "87.5": {"xsec_pb": 5.2719981, "unc_up_pb": 0.19134439525588953, "unc_down_pb": -0.22708555126577878}, "90.0": {"xsec_pb": 4.5463575, "unc_up_pb": 0.1631814252267278, "unc_down_pb": -0.19152748444104922}, "95.0": {"xsec_pb": 3.4468743, "unc_up_pb": 0.12215845222612837, "unc_down_pb": -0.13993693378334188}, "100.0": {"xsec_pb": 2.6699803, "unc_up_pb": 0.09443943692010166, "unc_down_pb": -0.10510045555841281}, "110.0": {"xsec_pb": 1.6875872, "unc_up_pb": 0.059719344351537314, "unc_down_pb": -0.06458049565757035}}, "60.0": {"80.0": {"xsec_pb": 5.4956919, "unc_up_pb": 0.20080138923055174, "unc_down_pb": -0.23858113046659718}, "90.0": {"xsec_pb": 3.1211682, "unc_up_pb": 0.11038666785656731, "unc_down_pb": -0.12546984936241118}}, "100.0": {"100.75": {"xsec_pb": 3.6348497, "unc_up_pb": 0.1289704488152966, "unc_down_pb": -0.1486182508043655}, "101.0": {"xsec_pb": 3.5866162, "unc_up_pb": 0.12848501332159076, "unc_down_pb": -0.14733498810889886}, "101.5": {"xsec_pb": 3.4928128, "unc_up_pb": 0.12433127650357709, "unc_down_pb": -0.14248070299829682}, "102.5": {"xsec_pb": 3.3144828, "unc_up_pb": 0.11710771993778571, "unc_down_pb": -0.1335847960545911}, "105.0": {"xsec_pb": 2.9177325, "unc_up_pb": 0.10285624530900857, "unc_down_pb": -0.11581517124654701}, "107.5": {"xsec_pb": 2.5803945, "unc_up_pb": 0.09117057260092824, "unc_down_pb": -0.10132307633595232}, "110.0": {"xsec_pb": 2.2920092, "unc_up_pb": 0.08197684937442787, "unc_down_pb": -0.09027559956797596}, "115.0": {"xsec_pb": 1.8293269, "unc_up_pb": 0.0639791283482185, "unc_down_pb": -0.06981443025648648}, "120.0": {"xsec_pb": 1.4799637, "unc_up_pb": 0.05200110571000301, "unc_down_pb": -0.0557616204143397}, "130.0": {"xsec_pb": 1.002908, "unc_up_pb": 0.0356752680913015, "unc_down_pb": -0.03753266843799218}}, "125.0": {"125.75": {"xsec_pb": 1.6552212, "unc_up_pb": 0.05848874329015126, "unc_down_pb": -0.06315761057593279}, "126.0": {"xsec_pb": 1.6378966, "unc_up_pb": 0.05757651584759421, "unc_down_pb": -0.06214715163543899}, "126.5": {"xsec_pb": 1.6039582, "unc_up_pb": 0.05645073528599205, "unc_down_pb": -0.060839428522949726}, "127.5": {"xsec_pb": 1.5389796, "unc_up_pb": 0.05395883375022009, "unc_down_pb": -0.058053307007989774}, "130.0": {"xsec_pb": 1.3902901, "unc_up_pb": 0.04894444237226471, "unc_down_pb": -0.05226840340475293}, "132.5": {"xsec_pb": 1.2596277, "unc_up_pb": 0.04459318766478185, "unc_down_pb": -0.04738974571356594}, "135.0": {"xsec_pb": 1.1440078, "unc_up_pb": 0.04055139760796808, "unc_down_pb": -0.04281435402992215}, "140.0": {"xsec_pb": 0.95074977, "unc_up_pb": 0.03392936936995323, "unc_down_pb": -0.03555913922594051}, "145.0": {"xsec_pb": 0.79702209, "unc_up_pb": 0.028672514428063053, "unc_down_pb": -0.02985723592231858}, "155.0": {"xsec_pb": 0.57306659, "unc_up_pb": 0.02105980346887202, "unc_down_pb": -0.021671337335877873}}, "150.0": {"151.0": {"xsec_pb": 0.86702756, "unc_up_pb": 0.031003533864006033, "unc_down_pb": -0.032377560948017275}, "151.5": {"xsec_pb": 0.85205125, "unc_up_pb": 0.030506363284660262, "unc_down_pb": -0.03182033252554216}, "152.5": {"xsec_pb": 0.82301912, "unc_up_pb": 0.02947852977993161, "unc_down_pb": -0.030753060098865262}, "155.0": {"xsec_pb": 0.75572828, "unc_up_pb": 0.027291529366763073, "unc_down_pb": -0.028361779543558036}, "157.5": {"xsec_pb": 0.69535061, "unc_up_pb": 0.025283248409666836, "unc_down_pb": -0.02625284639402975}, "160.0": {"xsec_pb": 0.64071156, "unc_up_pb": 0.02342828367030577, "unc_down_pb": -0.024179952674494874}, "165.0": {"xsec_pb": 0.5469128, "unc_up_pb": 0.02016819380144641, "unc_down_pb": -0.020758758709132685}, "170.0": {"xsec_pb": 0.4696261, "unc_up_pb": 0.01756576148156727, "unc_down_pb": -0.01795574788923346}, "180.0": {"xsec_pb": 0.35206211, "unc_up_pb": 0.013501751034927888, "unc_down_pb": -0.013739765246188794}}, "175.0": {"176.5": {"xsec_pb": 0.49738919, "unc_up_pb": 0.018571933230249325, "unc_down_pb": -0.019018249359834448}, "177.5": {"xsec_pb": 0.48272474, "unc_up_pb": 0.01793288112995519, "unc_down_pb": -0.018393415927692745}, "180.0": {"xsec_pb": 0.44825504, "unc_up_pb": 0.016768187806787713, "unc_down_pb": -0.01714229666560477}, "182.5": {"xsec_pb": 0.41683244, "unc_up_pb": 0.015827887112516703, "unc_down_pb": -0.016140363621723997}, "185.0": {"xsec_pb": 0.38807018, "unc_up_pb": 0.014763088375331114, "unc_down_pb": -0.015033134201085187}}, "200.0": {"201.0": {"xsec_pb": 0.31457752, "unc_up_pb": 0.012196834402942142, "unc_down_pb": -0.012373062437662424}, "201.5": {"xsec_pb": 0.3104152, "unc_up_pb": 0.012026685105946795, "unc_down_pb": -0.012201262739995507}, "202.5": {"xsec_pb": 0.30227355, "unc_up_pb": 0.011732520100563111, "unc_down_pb": -0.01189528554621608}, "205.0": {"xsec_pb": 0.28304902, "unc_up_pb": 0.011119780536093176, "unc_down_pb": -0.011260975706095726}, "207.5": {"xsec_pb": 0.26530709, "unc_up_pb": 0.010501744165028833, "unc_down_pb": -0.010629843582561168}, "210.0": {"xsec_pb": 0.24892191, "unc_up_pb": 0.009893967939948657, "unc_down_pb": -0.010003425196777972}, "215.0": {"xsec_pb": 0.21973016, "unc_up_pb": 0.00885302174502294, "unc_down_pb": -0.008935105852861993}, "220.0": {"xsec_pb": 0.19464828, "unc_up_pb": 0.007972305907509244, "unc_down_pb": -0.008035488486172245}, "230.0": {"xsec_pb": 0.15421213, "unc_up_pb": 0.006486045180133465, "unc_down_pb": -0.00652130924612016}}, "225.0": {"227.5": {"xsec_pb": 0.19886753, "unc_up_pb": 0.008124593488770813, "unc_down_pb": -0.00819085951557452}, "230.0": {"xsec_pb": 0.18741702, "unc_up_pb": 0.007702506473787116, "unc_down_pb": -0.007764880272607686}, "232.5": {"xsec_pb": 0.17674875, "unc_up_pb": 0.007332497730735736, "unc_down_pb": -0.007384118881636807}}, "250.0": {"251.0": {"xsec_pb": 0.14049918, "unc_up_pb": 0.0059922876076390135, "unc_down_pb": -0.006018490618075612}, "251.5": {"xsec_pb": 0.13896449, "unc_up_pb": 0.005926173923081757, "unc_down_pb": -0.005953219647393648}, "252.5": {"xsec_pb": 0.13595356, "unc_up_pb": 0.0058195018023310344, "unc_down_pb": -0.005843643043635877}, "255.0": {"xsec_pb": 0.1287702, "unc_up_pb": 0.0055477249906169205, "unc_down_pb": -0.005568875540790575}, "257.5": {"xsec_pb": 0.12204026, "unc_up_pb": 0.005296155194656615, "unc_down_pb": -0.0053142771930327565}, "260.0": {"xsec_pb": 0.11573641, "unc_up_pb": 0.005053079950330712, "unc_down_pb": -0.0050700726104202995}, "265.0": {"xsec_pb": 0.10427291, "unc_up_pb": 0.004616502531535609, "unc_down_pb": -0.0046298853053693065}, "270.0": {"xsec_pb": 0.094169066, "unc_up_pb": 0.0042246262105551675, "unc_down_pb": -0.004237168038188912}, "280.0": {"xsec_pb": 0.077277767, "unc_up_pb": 0.00356568225912285, "unc_down_pb": -0.0035718688320024463}}, "300.0": {"301.0": {"xsec_pb": 0.071310165, "unc_up_pb": 0.0033347138120645827, "unc_down_pb": -0.003338534511253444}, "301.5": {"xsec_pb": 0.070639996, "unc_up_pb": 0.0033167192680601193, "unc_down_pb": -0.003320367984293659}, "302.5": {"xsec_pb": 0.069322551, "unc_up_pb": 0.0032712875730305235, "unc_down_pb": -0.0032746217054891724}, "305.0": {"xsec_pb": 0.066157721, "unc_up_pb": 0.0031184532779524633, "unc_down_pb": -0.0031218814049615053}, "307.5": {"xsec_pb": 0.063162439,