{
    "initial state": "pp",
    "order": "NNLOapprox+NNLL",
    "source": "hepi-0.2.17.3",
    "contact": "Alexander Puck Neuwirth <alexander@neuwirth-informatik.de>",
    "tool": "Resummino-resummino 3.1.2-dev",
    "process_latex": "$\\overline{d}\\overline{d}$",
    "comment": "",
    "reference": "?",
    "Ecom [GeV]": "13600.0",
    "process_id": "pp_13600.0_-1_-1",
    "PDF set": "PDF4LHC21_40",
    "parameters": [
        [
            "mass_1000011_2000011_1000012_1000013_2000013_1000014_1000015_2000015_1000016"
        ]
    ],
    "data": {
        "50.0": {
            "xsec_pb": 1.5161629,
            "unc_up_pb": 0.06670726753231994,
            "unc_down_pb": -0.09554915109763408,
            "unc_scale_up_pb": 0.058336799999999966,
            "unc_scale_down_pb": -0.08990530000000008,
            "unc_pdf_up_pb": 0.032352392606861444,
            "unc_pdf_down_pb": -0.032352392606861444
        },
        "75.0": {
            "xsec_pb": 0.28796571,
            "unc_up_pb": 0.010156943199948431,
            "unc_down_pb": -0.012784163764430489,
            "unc_scale_up_pb": 0.006458310000000023,
            "unc_scale_down_pb": -0.010098569999999973,
            "unc_pdf_up_pb": 0.007839242763869369,
            "unc_pdf_down_pb": -0.007839242763869369
        },
        "80.0": {
            "xsec_pb": 0.23014157,
            "unc_up_pb": 0.008019878222386414,
            "unc_down_pb": -0.009793926726492699,
            "unc_scale_up_pb": 0.004824019999999984,
            "unc_scale_down_pb": -0.007407680000000028,
            "unc_pdf_up_pb": 0.006406814945158621,
            "unc_pdf_down_pb": -0.006406814945158621
        },
        "100.0": {
            "xsec_pb": 0.10686864,
            "unc_up_pb": 0.0036574947395336347,
            "unc_down_pb": -0.004083443687491745,
            "unc_scale_up_pb": 0.001805970000000011,
            "unc_scale_down_pb": -0.0025610099999999955,
            "unc_pdf_up_pb": 0.0031805251341274106,
            "unc_pdf_down_pb": -0.0031805251341274106
        },
        "150.0": {
            "xsec_pb": 0.026017453,
            "unc_up_pb": 0.0009335987482727841,
            "unc_down_pb": -0.0009516332660250489,
            "unc_scale_up_pb": 0.00031768999999999895,
            "unc_scale_down_pb": -0.00036732299999999926,
            "unc_pdf_up_pb": 0.0008778836407386267,
            "unc_pdf_down_pb": -0.0008778836407386267
        },
        "200.0": {
            "xsec_pb": 0.0091449796,
            "unc_up_pb": 0.0003512502261149269,
            "unc_down_pb": -0.00034613438877016743,
            "unc_scale_up_pb": 9.820149999999975e-05,
            "unc_scale_down_pb": -7.794760000000029e-05,
            "unc_pdf_up_pb": 0.0003372435125299465,
            "unc_pdf_down_pb": -0.00033724351252995
        },
        "250.0": {
            "xsec_pb": 0.003929408,
            "unc_up_pb": 0.00016347634682820913,
            "unc_down_pb": -0.00016153392107906355,
            "unc_scale_up_pb": 3.54044000000003e-05,
            "unc_scale_down_pb": -2.494319999999956e-05,
            "unc_pdf_up_pb": 0.00015959650507745156,
            "unc_pdf_down_pb": -0.00015959650507745156
        },
        "300.0": {
            "xsec_pb": 0.0019152255,
            "unc_up_pb": 8.758561672810326e-05,
            "unc_down_pb": -8.693901537073053e-05,
            "unc_scale_up_pb": 1.441450000000009e-05,
            "unc_scale_down_pb": -9.74320000000006e-06,
            "unc_pdf_up_pb": 8.639133317290643e-05,
            "unc_pdf_down_pb": -8.639133317290686e-05
        },
        "350.0": {
            "xsec_pb": 0.0010179488,
            "unc_up_pb": 5.0891993493710474e-05,
            "unc_down_pb": -5.0616854560549824e-05,
            "unc_scale_up_pb": 6.870500000000245e-06,
            "unc_scale_down_pb": -4.3902999999997265e-06,
            "unc_pdf_up_pb": 5.0426096730897795e-05,
            "unc_pdf_down_pb": -5.0426096730897795e-05
        },
        "400.0": {
            "xsec_pb": 0.00057679266,
            "unc_up_pb": 3.168373186703418e-05,
            "unc_down_pb": -3.155709986167486e-05,
            "unc_scale_up_pb": 3.5596800000000316e-06,
            "unc_scale_down_pb": -2.159399999999924e-06,
            "unc_pdf_up_pb": 3.148313109142289e-05,
            "unc_pdf_down_pb": -3.148313109142289e-05
        },
        "450.0": {
            "xsec_pb": 0.00034318401,
            "unc_up_pb": 2.0741750270346207e-05,
            "unc_down_pb": -2.0686874005837787e-05,
            "unc_scale_up_pb": 1.933129999999992e-06,
            "unc_scale_down_pb": -1.2097700000000215e-06,
            "unc_pdf_up_pb": 2.0651469988369037e-05,
            "unc_pdf_down_pb": -2.0651469988369037e-05
        },
        "500.0": {
            "xsec_pb": 0.0002120831,
            "unc_up_pb": 1.40620171451848e-05,
            "unc_down_pb": -1.4034856381148719e-05,
            "unc_scale_up_pb": 1.0958800000000096e-06,
            "unc_scale_down_pb": -6.616799999999926e-07,
            "unc_pdf_up_pb": 1.401925009467593e-05,
            "unc_pdf_down_pb": -1.401925009467593e-05
        },
        "550.0": {
            "xsec_pb": 0.00013518724,
            "unc_up_pb": 9.794552971159125e-06,
            "unc_down_pb": -9.779929340973869e-06,
            "unc_scale_up_pb": 6.537299999999921e-07,
            "unc_scale_down_pb": -3.756500000000004e-07,
            "unc_pdf_up_pb": 9.772712263846809e-06,
            "unc_pdf_down_pb": -9.772712263846809e-06
        },
        "600.0": {
            "xsec_pb": 8.841682e-05,
            "unc_up_pb": 7.040107136281983e-06,
            "unc_down_pb": -7.03255813448234e-06,
            "unc_scale_up_pb": 3.9746399999998546e-07,
            "unc_scale_down_pb": -2.274710000000184e-07,
            "unc_pdf_up_pb": 7.028878349995298e-06,
            "unc_pdf_down_pb": -7.028878349995298e-06
        },
        "650.0": {
            "xsec_pb": 5.9081157e-05,
            "unc_up_pb": 5.196720083727176e-06,
            "unc_down_pb": -5.192139592120019e-06,
            "unc_scale_up_pb": 2.5853300000000127e-07,
            "unc_scale_down_pb": -1.3875599999999905e-07,
            "unc_pdf_up_pb": 5.19028518643478e-06,
            "unc_pdf_down_pb": -5.19028518643478e-06
        },
        "700.0": {
            "xsec_pb": 4.0208653e-05,
            "unc_up_pb": 3.902395452610734e-06,
            "unc_down_pb": -3.900014736340357e-06,
            "unc_scale_up_pb": 1.646190000000004e-07,
            "unc_scale_down_pb": -9.232599999999685e-08,
            "unc_pdf_up_pb": 3.898921755228737e-06,
            "unc_pdf_down_pb": -3.898921755228737e-06
        },
        "750.0": {
            "xsec_pb": 2.7798847e-05,
            "unc_up_pb": 2.985116594601913e-06,
            "unc_down_pb": -2.983432902505552e-06,
            "unc_scale_up_pb": 1.158720000000001e-07,
            "unc_scale_down_pb": -5.811300000000091e-08,
            "unc_pdf_up_pb": 2.982866869805579e-06,
            "unc_pdf_down_pb": -2.9828668698055722e-06
        },
        "800.0": {
            "xsec_pb": 1.9485061e-05,
            "unc_up_pb": 2.3234122051611554e-06,
            "unc_down_pb": -2.3223089434990876e-06,
            "unc_scale_up_pb": 8.072999999999779e-08,
            "unc_scale_down_pb": -3.730800000000408e-08,
            "unc_pdf_up_pb": 2.3220092467929226e-06,
            "unc_pdf_down_pb": -2.3220092467929226e-06
        },
        "850.0": {
            "xsec_pb": 1.382259e-05,
            "unc_up_pb": 1.8416968073414486e-06,
            "unc_down_pb": -1.8410173619889324e-06,
            "unc_scale_up_pb": 5.555400000000164e-08,
            "unc_scale_down_pb": -2.4166999999999425e-08,
            "unc_pdf_up_pb": 1.8408587352797298e-06,
            "unc_pdf_down_pb": -1.8408587352797298e-06
        },
        "900.0": {
            "xsec_pb": 9.9114295e-06,
            "unc_up_pb": 1.471736686910032e-06,
            "unc_down_pb": -1.4711362055420809e-06,