{
    "initial state": "pp",
    "order": "NNLOapprox+NNLL",
    "source": "hepi-0.2.17.3",
    "contact": "Alexander Puck Neuwirth <alexander@neuwirth-informatik.de>",
    "tool": "Resummino-resummino 3.1.2-dev",
    "process_latex": "$\\overline{\\tilde{\\nu}}_{eL}\\tilde{\\nu}_{eL}$",
    "comment": "0.0.0",
    "reference": "?",
    "Ecom [GeV]": "13000",
    "process_id": "pp_13000_-1000012_1000012",
    "PDF set": "PDF4LHC21_40",
    "parameters": [
        [
            "mass_-1000012_1000012"
        ]
    ],
    "data": {
        "50": {
            "xsec_pb": 6.9580781,
            "unc_up_pb": 0.3275031576909415,
            "unc_down_pb": -0.4603459656815281,
            "unc_scale_up_pb": 0.2768037999999997,
            "unc_scale_down_pb": -0.4257704000000011,
            "unc_pdf_up_pb": 0.17503706636909167,
            "unc_pdf_down_pb": -0.17503706636909167
        },
        "60": {
            "xsec_pb": 2.4348913,
            "unc_up_pb": 0.09884233623673919,
            "unc_down_pb": -0.13195827792426137,
            "unc_scale_up_pb": 0.07548200000000027,
            "unc_scale_down_pb": -0.11550199999999955,
            "unc_pdf_up_pb": 0.0638143801093188,
            "unc_pdf_down_pb": -0.0638143801093188
        },
        "70": {
            "xsec_pb": 1.2197328,
            "unc_up_pb": 0.0454578622703235,
            "unc_down_pb": -0.05758535830849448,
            "unc_scale_up_pb": 0.03157739999999987,
            "unc_scale_down_pb": -0.04740030000000017,
            "unc_pdf_up_pb": 0.032699924333669285,
            "unc_pdf_down_pb": -0.032699924333669285
        },
        "80": {
            "xsec_pb": 0.70706253,
            "unc_up_pb": 0.024791544909666945,
            "unc_down_pb": -0.029967861110655518,
            "unc_scale_up_pb": 0.015460410000000036,
            "unc_scale_down_pb": -0.022857739999999904,
            "unc_pdf_up_pb": 0.019380310153347315,
            "unc_pdf_down_pb": -0.019380310153347315
        },
        "90": {
            "xsec_pb": 0.44642959,
            "unc_up_pb": 0.015081820878133128,
            "unc_down_pb": -0.017576750414925662,
            "unc_scale_up_pb": 0.00850138000000003,
            "unc_scale_down_pb": -0.012399769999999949,
            "unc_pdf_up_pb": 0.012457441916207809,
            "unc_pdf_down_pb": -0.012457441916207809
        },
        "100": {
            "xsec_pb": 0.29871603,
            "unc_up_pb": 0.009950861358020747,
            "unc_down_pb": -0.011153201726869778,
            "unc_scale_up_pb": 0.005067519999999992,
            "unc_scale_down_pb": -0.007145210000000013,
            "unc_pdf_up_pb": 0.008563870784648183,
            "unc_pdf_down_pb": -0.008563870784648183
        },
        "110": {
            "xsec_pb": 0.20859501,
            "unc_up_pb": 0.007079103987530082,
            "unc_down_pb": -0.007614124521687575,
            "unc_scale_up_pb": 0.0032669899999999974,
            "unc_scale_down_pb": -0.004305160000000002,
            "unc_pdf_up_pb": 0.00628016636771385,
            "unc_pdf_down_pb": -0.00628016636771385
        },
        "120": {
            "xsec_pb": 0.15065603,
            "unc_up_pb": 0.005073118054788651,
            "unc_down_pb": -0.005393713648333843,
            "unc_scale_up_pb": 0.002107509999999993,
            "unc_scale_down_pb": -0.002792350000000013,
            "unc_pdf_up_pb": 0.004614642824501443,
            "unc_pdf_down_pb": -0.004614642824501443
        },
        "130": {
            "xsec_pb": 0.11172452,
            "unc_up_pb": 0.0037434213080797417,
            "unc_down_pb": -0.003909487315529414,
            "unc_scale_up_pb": 0.0014416200000000046,
            "unc_scale_down_pb": -0.0018300699999999892,
            "unc_pdf_up_pb": 0.0034546975070743067,
            "unc_pdf_down_pb": -0.0034546975070743067
        },
        "140": {
            "xsec_pb": 0.084686076,
            "unc_up_pb": 0.002904341813394354,
            "unc_down_pb": -0.0029926567640285425,
            "unc_scale_up_pb": 0.0010373690000000102,
            "unc_scale_down_pb": -0.0012636959999999808,
            "unc_pdf_up_pb": 0.002712760020139969,
            "unc_pdf_down_pb": -0.002712760020139969
        },
        "150": {
            "xsec_pb": 0.06538974,
            "unc_up_pb": 0.002277105845701838,
            "unc_down_pb": -0.002321838699529866,
            "unc_scale_up_pb": 0.0007632159999999971,
            "unc_scale_down_pb": -0.000887818999999998,
            "unc_pdf_up_pb": 0.0021453932902555455,
            "unc_pdf_down_pb": -0.0021453932902555455
        },
        "160": {
            "xsec_pb": 0.05126477,
            "unc_up_pb": 0.001832094732294514,
            "unc_down_pb": -0.001844089819456015,
            "unc_scale_up_pb": 0.0006005630000000019,
            "unc_scale_down_pb": -0.000636216999999998,
            "unc_pdf_up_pb": 0.0017308654457040594,
            "unc_pdf_down_pb": -0.0017308654457040594
        },
        "170": {
            "xsec_pb": 0.040767724,
            "unc_up_pb": 0.0014797493937314574,
            "unc_down_pb": -0.0014817948785633603,
            "unc_scale_up_pb": 0.0004595790000000016,
            "unc_scale_down_pb": -0.00046612299999999884,
            "unc_pdf_up_pb": 0.0014065722203312596,
            "unc_pdf_down_pb": -0.0014065722203312596
        },
        "180": {
            "xsec_pb": 0.032798003,
            "unc_up_pb": 0.001215917467700166,
            "unc_down_pb": -0.0012059966863082045,
            "unc_scale_up_pb": 0.00036685900000000757,
            "unc_scale_down_pb": -0.0003325029999999944,
            "unc_pdf_up_pb": 0.0011592539680231318,
            "unc_pdf_down_pb": -0.0011592539680231318
        },
        "190": {
            "xsec_pb": 0.026667191,
            "unc_up_pb": 0.0010054945742839082,
            "unc_down_pb": -0.000992220668651574,
            "unc_scale_up_pb": 0.0002924120000000006,
            "unc_scale_down_pb": -0.00024287299999999935,
            "unc_pdf_up_pb": 0.0009620366735059412,
            "unc_pdf_down_pb": -0.0009620366735059412
        },
        "200": {
            "xsec_pb": 0.021889312,
            "unc_up_pb": 0.0008466238588660519,
            "unc_down_pb": -0.0008364991082375617,
            "unc_scale_up_pb": 0.0002253880000000017,
            "unc_scale_down_pb": -0.0001837349999999991,
            "unc_pdf_up_pb": 0.0008160712026883684,
            "unc_pdf_down_pb": -0.0008160712026883684
        },
        "210": {
            "xsec_pb": 0.018122461,
            "unc_up_pb": 0.0007148829034155026,
            "unc_down_pb": -0.0007061107879049737,
            "unc_scale_up_pb": 0.0001800329999999961,
            "unc_scale_down_pb": -0.0001412330000000045,
            "unc_pdf_up_pb": 0.0006918422396086991,
            "unc_pdf_down_pb": -0.0006918422396086991
        },
        "220": {
            "xsec_pb": 0.015117565,
            "unc_up_pb": 0.0006038970989407122,
            "unc_down_pb": -0.0005975398260651825,
            "unc_scale_up_pb": 0.0001418320000000006,
            "unc_scale_down_pb": -0.00011170699999999822,
            "unc_pdf_up_pb": 0.0005870054428069715,
            "unc_pdf_down_pb": -0.0005870054428069715
        },
        "230": {
            "xsec_pb": 0.012695821,
            "unc_up_pb": 0.0005186025402507185,
            "unc_down_pb": -0.0005146638203210902,
            "unc_scale_up_pb": 0.00010889600000000069,
            "unc_scale_down_pb": -8.825299999999994e-05,
            "unc_pdf_up_pb": 0.0005070406846974893,
            "unc_pdf_down_pb": -0.0005070406846974893
        },
        "240": {
            "xsec_pb": 0.010726668,
            "unc_up_pb": 0.0004502789846471092,
            "unc_down_pb": -0.0004466718981331057,
            "unc_scale_up_pb": 8.933300000000133e-05,
            "unc_scale_down_pb": -6.888399999999909e-05,
            "unc_pdf_up_pb": 0.00044132842546773656,