{
    "initial state": "pp",
    "order": "NNLOapprox+NNLL",
    "source": "hepi-0.2.17.3",
    "contact": "Alexander Puck Neuwirth <alexander@neuwirth-informatik.de>",
    "tool": "Resummino-resummino 3.1.2-dev",
    "process_latex": "$\\overline{d}\\overline{d}$",
    "comment": "",
    "reference": "?",
    "Ecom [GeV]": "13000.0",
    "process_id": "pp_13000.0_-1_-1",
    "PDF set": "PDF4LHC21_40",
    "parameters": [
        [
            "mass_1000011_2000011_1000012_1000013_2000013_1000014_1000015_2000015_1000016"
        ]
    ],
    "data": {
        "50.0": {
            "xsec_pb": 4.2928024,
            "unc_up_pb": 0.18760983248312435,
            "unc_down_pb": -0.2679327065401793,
            "unc_scale_up_pb": 0.16156830000000033,
            "unc_scale_down_pb": -0.2503892999999997,
            "unc_pdf_up_pb": 0.09535792405173216,
            "unc_pdf_down_pb": -0.09535792405173216
        },
        "80.0": {
            "xsec_pb": 0.62587816,
            "unc_up_pb": 0.02052625370195653,
            "unc_down_pb": -0.025217605186501776,
            "unc_scale_up_pb": 0.013096580000000024,
            "unc_scale_down_pb": -0.019649959999999966,
            "unc_pdf_up_pb": 0.01580527390906855,
            "unc_pdf_down_pb": -0.01580527390906855
        },
        "100.0": {
            "xsec_pb": 0.28219814,
            "unc_up_pb": 0.008901832400592745,
            "unc_down_pb": -0.010054284666585887,
            "unc_scale_up_pb": 0.0046165399999999746,
            "unc_scale_down_pb": -0.006569510000000028,
            "unc_pdf_up_pb": 0.0076111877204969374,
            "unc_pdf_down_pb": -0.0076111877204969374
        },
        "150.0": {
            "xsec_pb": 0.066036251,
            "unc_up_pb": 0.0022076870426771776,
            "unc_down_pb": -0.0022456990964162225,
            "unc_scale_up_pb": 0.000783851000000009,
            "unc_scale_down_pb": -0.000885271,
            "unc_pdf_up_pb": 0.0020638458489440686,
            "unc_pdf_down_pb": -0.0020638458489440686
        },
        "200.0": {
            "xsec_pb": 0.022712443,
            "unc_up_pb": 0.000840311773534006,
            "unc_down_pb": -0.0008274531005651403,
            "unc_scale_up_pb": 0.00023728700000000442,
            "unc_scale_down_pb": -0.0001867079999999955,
            "unc_pdf_up_pb": 0.0008061133644661061,
            "unc_pdf_down_pb": -0.0008061133644661061
        },
        "250.0": {
            "xsec_pb": 0.0096068635,
            "unc_up_pb": 0.00039969531632763627,
            "unc_down_pb": -0.0003960815150211503,
            "unc_scale_up_pb": 7.9881900000002e-05,
            "unc_scale_down_pb": -5.920589999999781e-05,
            "unc_pdf_up_pb": 0.0003916314950902691,
            "unc_pdf_down_pb": -0.0003916314950902691
        },
        "300.0": {
            "xsec_pb": 0.0046197478,
            "unc_up_pb": 0.0002119066736482311,
            "unc_down_pb": -0.00021038410655918838,
            "unc_scale_up_pb": 3.3922200000000534e-05,
            "unc_scale_down_pb": -2.2533299999999597e-05,
            "unc_pdf_up_pb": 0.0002091739053606303,
            "unc_pdf_down_pb": -0.0002091739053606303
        },
        "350.0": {
            "xsec_pb": 0.0024275338,
            "unc_up_pb": 0.00012335155776301463,
            "unc_down_pb": -0.0001227373043393182,
            "unc_scale_up_pb": 1.6061800000000213e-05,
            "unc_scale_down_pb": -1.0335399999999908e-05,
            "unc_pdf_up_pb": 0.00012230137114244578,
            "unc_pdf_down_pb": -0.00012230137114244664
        },
        "400.0": {
            "xsec_pb": 0.0013605488,
            "unc_up_pb": 7.585471663304643e-05,
            "unc_down_pb": -7.556291062717075e-05,
            "unc_scale_up_pb": 8.24680000000022e-06,
            "unc_scale_down_pb": -4.881099999999583e-06,
            "unc_pdf_up_pb": 7.540509482282865e-05,
            "unc_pdf_down_pb": -7.540509482282865e-05
        },
        "450.0": {
            "xsec_pb": 0.00080102713,
            "unc_up_pb": 4.907806128076682e-05,
            "unc_down_pb": -4.8963824684558854e-05,
            "unc_scale_up_pb": 4.3928300000000255e-06,
            "unc_scale_down_pb": -2.84552e-06,
            "unc_pdf_up_pb": 4.888107142514175e-05,
            "unc_pdf_down_pb": -4.888107142514175e-05
        },
        "500.0": {
            "xsec_pb": 0.00049010613,
            "unc_up_pb": 3.301248602105347e-05,
            "unc_down_pb": -3.295044591301234e-05,
            "unc_scale_up_pb": 2.487599999999898e-06,
            "unc_scale_down_pb": -1.447690000000077e-06,
            "unc_pdf_up_pb": 3.291862815383186e-05,
            "unc_pdf_down_pb": -3.291862815383186e-05
        },
        "550.0": {
            "xsec_pb": 0.00030934678,
            "unc_up_pb": 2.2885273609885483e-05,
            "unc_down_pb": -2.2852494734066103e-05,
            "unc_scale_up_pb": 1.4766800000000314e-06,
            "unc_scale_down_pb": -8.25439999999956e-07,
            "unc_pdf_up_pb": 2.28375822795873e-05,
            "unc_pdf_down_pb": -2.28375822795873e-05
        },
        "600.0": {
            "xsec_pb": 0.00020038044,
            "unc_up_pb": 1.6324495471188405e-05,
            "unc_down_pb": -1.6307643396167044e-05,
            "unc_scale_up_pb": 8.913799999999745e-07,
            "unc_scale_down_pb": -4.946100000000146e-07,
            "unc_pdf_up_pb": 1.6300140922226735e-05,
            "unc_pdf_down_pb": -1.6300140922226735e-05
        },
        "650.0": {
            "xsec_pb": 0.00013261805,
            "unc_up_pb": 1.191628258757747e-05,
            "unc_down_pb": -1.1906518764151976e-05,
            "unc_scale_up_pb": 5.673000000000174e-07,
            "unc_scale_down_pb": -2.9870999999999836e-07,
            "unc_pdf_up_pb": 1.1902771165447252e-05,
            "unc_pdf_down_pb": -1.1902771165447252e-05
        },
        "700.0": {
            "xsec_pb": 8.9395648e-05,
            "unc_up_pb": 8.875922397798396e-06,
            "unc_down_pb": -8.869590348666811e-06,
            "unc_scale_up_pb": 3.833399999999827e-07,
            "unc_scale_down_pb": -1.8596800000002071e-07,
            "unc_pdf_up_pb": 8.867640546173449e-06,
            "unc_pdf_down_pb": -8.867640546173449e-06
        },
        "750.0": {
            "xsec_pb": 6.1220638e-05,
            "unc_up_pb": 6.755914163055232e-06,
            "unc_down_pb": -6.75215603728507e-06,
            "unc_scale_up_pb": 2.5463700000000384e-07,
            "unc_scale_down_pb": -1.186379999999998e-07,
            "unc_pdf_up_pb": 6.751113698998207e-06,
            "unc_pdf_down_pb": -6.751113698998207e-06
        },
        "800.0": {
            "xsec_pb": 4.2499998e-05,
            "unc_up_pb": 5.242875062682122e-06,
            "unc_down_pb": -5.240437003088107e-06,
            "unc_scale_up_pb": 1.7694000000000105e-07,
            "unc_scale_down_pb": -7.582099999999759e-08,
            "unc_pdf_up_pb": 5.2398884682113285e-06,
            "unc_pdf_down_pb": -5.2398884682113285e-06
        },
        "850.0": {
            "xsec_pb": 2.9863641e-05,
            "unc_up_pb": 4.115838303465048e-06,
            "unc_down_pb": -4.114123099053564e-06,
            "unc_scale_up_pb": 1.2942700000000475e-07,
            "unc_scale_down_pb": -5.1334999999998044e-08,
            "unc_pdf_up_pb": 4.113802813935188e-06,
            "unc_pdf_down_pb": -4.113802813935188e-06
        },
        "900.0": {
            "xsec_pb": 2.1211965e-05,
            "unc_up_pb": 3.262464650533805e-06,
            "unc_down_pb": -3.2611006500625924e-06,
            "unc_scale_up_pb": 9.998700000000017e-08,
            "unc_scale_down_pb": -3.315500000000189e-08,
            "unc_pdf_up_pb": 3.2609321053670624e-06,
            "unc_pdf_down_pb": -3.2609321053670624e-06
        },
        "950.0": {
            "xsec_pb": 1.521623e-05,
            "unc_up_pb": 2.6250638248129434e-06,
            "unc_down_pb": -2.624421218490958e-06,