{
    "initial state": "pp",
    "order": "NNLOapprox+NNLL",
    "source": "hepi-0.2.17.3",
    "contact": "Alexander Puck Neuwirth <alexander@neuwirth-informatik.de>",
    "tool": "Resummino-resummino 3.1.2-dev",
    "process_latex": "$\\tilde{e}_{L}^{+}\\tilde{\\nu}_{eL}$",
    "comment": "0.0.0",
    "reference": "?",
    "Ecom [GeV]": "13000",
    "process_id": "pp_13000_-1000011_1000012",
    "PDF set": "PDF4LHC21_40",
    "parameters": [
        [
            "mass_-1000011_1000012"
        ]
    ],
    "data": {
        "50": {
            "xsec_pb": 13.28952,
            "unc_up_pb": 1.0446741134596527,
            "unc_down_pb": -0.9638895470600912,
            "unc_scale_up_pb": 0.9860950000000006,
            "unc_scale_down_pb": -0.9000679999999992,
            "unc_pdf_up_pb": 0.3449067327665692,
            "unc_pdf_down_pb": -0.3449067327665692
        },
        "60": {
            "xsec_pb": 5.7664146,
            "unc_up_pb": 0.43780079779522124,
            "unc_down_pb": -0.35185775641831546,
            "unc_scale_up_pb": 0.40924119999999986,
            "unc_scale_down_pb": -0.3156148000000001,
            "unc_pdf_up_pb": 0.15553513677845063,
            "unc_pdf_down_pb": -0.15553513677845063
        },
        "70": {
            "xsec_pb": 3.1046126,
            "unc_up_pb": 0.22868766041438088,
            "unc_down_pb": -0.18670189488902628,
            "unc_scale_up_pb": 0.2110227,
            "unc_scale_down_pb": -0.16459080000000004,
            "unc_pdf_up_pb": 0.0881332293208021,
            "unc_pdf_down_pb": -0.0881332293208021
        },
        "80": {
            "xsec_pb": 1.8694676,
            "unc_up_pb": 0.13460278789678845,
            "unc_down_pb": -0.11060768417496022,
            "unc_scale_up_pb": 0.12287520000000018,
            "unc_scale_down_pb": -0.09599199999999986,
            "unc_pdf_up_pb": 0.05495084835148381,
            "unc_pdf_down_pb": -0.05495084835148381
        },
        "90": {
            "xsec_pb": 1.2102676,
            "unc_up_pb": 0.08553504231712594,
            "unc_down_pb": -0.07096110071998973,
            "unc_scale_up_pb": 0.07701959999999997,
            "unc_scale_down_pb": -0.06042559999999997,
            "unc_pdf_up_pb": 0.03720517007127546,
            "unc_pdf_down_pb": -0.03720517007127546
        },
        "100": {
            "xsec_pb": 0.82493353,
            "unc_up_pb": 0.05734266063767959,
            "unc_down_pb": -0.047834158546261524,
            "unc_scale_up_pb": 0.05109238999999999,
            "unc_scale_down_pb": -0.040129269999999995,
            "unc_pdf_up_pb": 0.02603360161591146,
            "unc_pdf_down_pb": -0.02603360161591146
        },
        "110": {
            "xsec_pb": 0.58476657,
            "unc_up_pb": 0.0400385256509308,
            "unc_down_pb": -0.03367174243692994,
            "unc_scale_up_pb": 0.03526033000000012,
            "unc_scale_down_pb": -0.027820739999999955,
            "unc_pdf_up_pb": 0.018968201406336437,
            "unc_pdf_down_pb": -0.018968201406336437
        },
        "120": {
            "xsec_pb": 0.42735326,
            "unc_up_pb": 0.0289137525140404,
            "unc_down_pb": -0.02451829904400351,
            "unc_scale_up_pb": 0.025113990000000003,
            "unc_scale_down_pb": -0.019896090000000005,
            "unc_pdf_up_pb": 0.014328035131276047,
            "unc_pdf_down_pb": -0.014328035131276047
        },
        "130": {
            "xsec_pb": 0.32023063,
            "unc_up_pb": 0.02154184535019069,
            "unc_down_pb": -0.018399054478533215,
            "unc_scale_up_pb": 0.018423299999999948,
            "unc_scale_down_pb": -0.014625050000000056,
            "unc_pdf_up_pb": 0.011163920377785425,
            "unc_pdf_down_pb": -0.011163920377785425
        },
        "140": {
            "xsec_pb": 0.24500522,
            "unc_up_pb": 0.016354176961500155,
            "unc_down_pb": -0.014037261025583447,
            "unc_scale_up_pb": 0.013824910000000024,
            "unc_scale_down_pb": -0.01098697999999998,
            "unc_pdf_up_pb": 0.008736759558323856,
            "unc_pdf_down_pb": -0.008736759558323856
        },
        "150": {
            "xsec_pb": 0.19071816,
            "unc_up_pb": 0.012676736567339251,
            "unc_down_pb": -0.010941012423812345,
            "unc_scale_up_pb": 0.01056781000000001,
            "unc_scale_down_pb": -0.008407419999999999,
            "unc_pdf_up_pb": 0.007001502824509607,
            "unc_pdf_down_pb": -0.007001502824509607
        },
        "160": {
            "xsec_pb": 0.15076908,
            "unc_up_pb": 0.010002226752867719,
            "unc_down_pb": -0.008725597849573611,
            "unc_scale_up_pb": 0.008214370000000026,
            "unc_scale_down_pb": -0.0066005599999999776,
            "unc_pdf_up_pb": 0.005706896312259684,
            "unc_pdf_down_pb": -0.005706896312259684
        },
        "170": {
            "xsec_pb": 0.12073014,
            "unc_up_pb": 0.007993679025156734,
            "unc_down_pb": -0.006994758698177583,
            "unc_scale_up_pb": 0.006474459999999994,
            "unc_scale_down_pb": -0.005190990000000013,
            "unc_pdf_up_pb": 0.004688312283288178,
            "unc_pdf_down_pb": -0.004688312283288178
        },
        "180": {
            "xsec_pb": 0.097776593,
            "unc_up_pb": 0.006497110355799911,
            "unc_down_pb": -0.00566344869241369,
            "unc_scale_up_pb": 0.005203237000000006,
            "unc_scale_down_pb": -0.004115322999999983,
            "unc_pdf_up_pb": 0.0038908569361097616,
            "unc_pdf_down_pb": -0.0038908569361097616
        },
        "190": {
            "xsec_pb": 0.080016845,
            "unc_up_pb": 0.005376753304631717,
            "unc_down_pb": -0.004662465933504747,
            "unc_scale_up_pb": 0.004269899999999993,
            "unc_scale_down_pb": -0.003325832000000001,
            "unc_pdf_up_pb": 0.0032676337139998153,
            "unc_pdf_down_pb": -0.0032676337139998153
        },
        "200": {
            "xsec_pb": 0.06608072,
            "unc_up_pb": 0.004509573976818473,
            "unc_down_pb": -0.0038849978580027776,
            "unc_scale_up_pb": 0.0035563789999999984,
            "unc_scale_down_pb": -0.0027211729999999934,
            "unc_pdf_up_pb": 0.002772801085681641,
            "unc_pdf_down_pb": -0.002772801085681641
        },
        "210": {
            "xsec_pb": 0.055025536,
            "unc_up_pb": 0.0037825391269209717,
            "unc_down_pb": -0.003258222213163655,
            "unc_scale_up_pb": 0.0029515959999999973,
            "unc_scale_down_pb": -0.002240609000000001,
            "unc_pdf_up_pb": 0.0023655196679529147,
            "unc_pdf_down_pb": -0.0023655196679529147
        },
        "220": {
            "xsec_pb": 0.046135839,
            "unc_up_pb": 0.0032336871491391887,
            "unc_down_pb": -0.0027587120842695627,
            "unc_scale_up_pb": 0.002509637000000009,
            "unc_scale_down_pb": -0.0018579659999999887,
            "unc_pdf_up_pb": 0.0020392289490733817,
            "unc_pdf_down_pb": -0.0020392289490733817
        },
        "230": {
            "xsec_pb": 0.038956766,
            "unc_up_pb": 0.0027511496629627043,
            "unc_down_pb": -0.0023465699149385595,
            "unc_scale_up_pb": 0.0021169489999999964,
            "unc_scale_down_pb": -0.0015553259999999992,
            "unc_pdf_up_pb": 0.0017570860535041487,
            "unc_pdf_down_pb": -0.0017570860535041487
        },
        "240": {
            "xsec_pb": 0.033086121,
            "unc_up_pb": 0.0023679547648802453,
            "unc_down_pb": -0.0020131637911126573,
            "unc_scale_up_pb": 0.0018092709999999908,
            "unc_scale_down_pb": -0.0013111370000000074,
            "unc_pdf_up_pb": 0.0015276610281990165,
            "unc_pdf_down_pb": -0.0015276610281990165
        },
        "250": {
            "xsec_pb": 0.028259434,