{
    "initial state": "pp",
    "order": "NNLOapprox+NNLL",
    "source": "hepi-0.2.17.12",
    "contact": "Alexander Puck Neuwirth <alexander@neuwirth-informatik.de>",
    "tool": "Resummino-resummino 3.1.2-dev",
    "process_latex": "$\\overline{\\tilde{\\nu}}_{eL}\\tilde{\\nu}_{eL}$",
    "comment": "0.0.0",
    "reference": "?",
    "Ecom [GeV]": "13000",
    "process_id": "pp_13000_-1000012_1000012",
    "PDF set": "PDF4LHC21_40",
    "parameters": [
        [
            "mass_-1000012_1000012"
        ]
    ],
    "data": {
        "50": {
            "xsec_pb": 6.9580781,
            "unc_up_pb": 0.32750315769094146,
            "unc_down_pb": -0.460345965681528,
            "unc_scale_up_pb": 0.2768037999999997,
            "unc_scale_down_pb": -0.4257704000000011,
            "unc_pdf_up_pb": 0.1750370663690916,
            "unc_pdf_down_pb": -0.1750370663690916
        },
        "60": {
            "xsec_pb": 2.4348913,
            "unc_up_pb": 0.09884233623673917,
            "unc_down_pb": -0.13195827792426135,
            "unc_scale_up_pb": 0.07548200000000027,
            "unc_scale_down_pb": -0.11550199999999955,
            "unc_pdf_up_pb": 0.06381438010931877,
            "unc_pdf_down_pb": -0.06381438010931877
        },
        "70": {
            "xsec_pb": 1.2197328,
            "unc_up_pb": 0.0454578622703235,
            "unc_down_pb": -0.05758535830849448,
            "unc_scale_up_pb": 0.03157739999999987,
            "unc_scale_down_pb": -0.04740030000000017,
            "unc_pdf_up_pb": 0.03269992433366928,
            "unc_pdf_down_pb": -0.03269992433366928
        },
        "80": {
            "xsec_pb": 0.70706253,
            "unc_up_pb": 0.024791544909666945,
            "unc_down_pb": -0.029967861110655518,
            "unc_scale_up_pb": 0.015460410000000036,
            "unc_scale_down_pb": -0.022857739999999904,
            "unc_pdf_up_pb": 0.019380310153347312,
            "unc_pdf_down_pb": -0.019380310153347312
        },
        "90": {
            "xsec_pb": 0.44642959,
            "unc_up_pb": 0.015081820878133128,
            "unc_down_pb": -0.017576750414925662,
            "unc_scale_up_pb": 0.00850138000000003,
            "unc_scale_down_pb": -0.012399769999999949,
            "unc_pdf_up_pb": 0.012457441916207805,
            "unc_pdf_down_pb": -0.012457441916207805
        },
        "100": {
            "xsec_pb": 0.29871603,
            "unc_up_pb": 0.009950861358020745,
            "unc_down_pb": -0.011153201726869776,
            "unc_scale_up_pb": 0.005067519999999992,
            "unc_scale_down_pb": -0.007145210000000013,
            "unc_pdf_up_pb": 0.008563870784648181,
            "unc_pdf_down_pb": -0.008563870784648181
        },
        "110": {
            "xsec_pb": 0.20859501,
            "unc_up_pb": 0.00707910398753008,
            "unc_down_pb": -0.007614124521687573,
            "unc_scale_up_pb": 0.0032669899999999974,
            "unc_scale_down_pb": -0.004305160000000002,
            "unc_pdf_up_pb": 0.006280166367713848,
            "unc_pdf_down_pb": -0.006280166367713848
        },
        "120": {
            "xsec_pb": 0.15065603,
            "unc_up_pb": 0.005073118054788649,
            "unc_down_pb": -0.005393713648333841,
            "unc_scale_up_pb": 0.002107509999999993,
            "unc_scale_down_pb": -0.002792350000000013,
            "unc_pdf_up_pb": 0.0046146428245014415,
            "unc_pdf_down_pb": -0.0046146428245014415
        },
        "130": {
            "xsec_pb": 0.11172452,
            "unc_up_pb": 0.0037434213080797412,
            "unc_down_pb": -0.003909487315529413,
            "unc_scale_up_pb": 0.0014416200000000046,
            "unc_scale_down_pb": -0.0018300699999999892,
            "unc_pdf_up_pb": 0.003454697507074306,
            "unc_pdf_down_pb": -0.003454697507074306
        },
        "140": {
            "xsec_pb": 0.084686076,
            "unc_up_pb": 0.002904341813394353,
            "unc_down_pb": -0.0029926567640285416,
            "unc_scale_up_pb": 0.0010373690000000102,
            "unc_scale_down_pb": -0.0012636959999999808,
            "unc_pdf_up_pb": 0.002712760020139968,
            "unc_pdf_down_pb": -0.002712760020139968
        },
        "150": {
            "xsec_pb": 0.06538974,
            "unc_up_pb": 0.0022771058457018373,
            "unc_down_pb": -0.002321838699529865,
            "unc_scale_up_pb": 0.0007632159999999971,
            "unc_scale_down_pb": -0.000887818999999998,
            "unc_pdf_up_pb": 0.0021453932902555446,
            "unc_pdf_down_pb": -0.0021453932902555446
        },
        "160": {
            "xsec_pb": 0.05126477,
            "unc_up_pb": 0.0018320947322945135,
            "unc_down_pb": -0.0018440898194560145,
            "unc_scale_up_pb": 0.0006005630000000019,
            "unc_scale_down_pb": -0.000636216999999998,
            "unc_pdf_up_pb": 0.001730865445704059,
            "unc_pdf_down_pb": -0.001730865445704059
        },
        "170": {
            "xsec_pb": 0.040767724,
            "unc_up_pb": 0.001479749393731457,
            "unc_down_pb": -0.00148179487856336,
            "unc_scale_up_pb": 0.0004595790000000016,
            "unc_scale_down_pb": -0.00046612299999999884,
            "unc_pdf_up_pb": 0.0014065722203312593,
            "unc_pdf_down_pb": -0.0014065722203312593
        },
        "180": {
            "xsec_pb": 0.032798003,
            "unc_up_pb": 0.0012159174677001659,
            "unc_down_pb": -0.0012059966863082043,
            "unc_scale_up_pb": 0.00036685900000000757,
            "unc_scale_down_pb": -0.0003325029999999944,
            "unc_pdf_up_pb": 0.0011592539680231316,
            "unc_pdf_down_pb": -0.0011592539680231316
        },
        "190": {
            "xsec_pb": 0.026667191,
            "unc_up_pb": 0.0010054945742839078,
            "unc_down_pb": -0.0009922206686515736,
            "unc_scale_up_pb": 0.0002924120000000006,
            "unc_scale_down_pb": -0.00024287299999999935,
            "unc_pdf_up_pb": 0.0009620366735059409,
            "unc_pdf_down_pb": -0.0009620366735059409
        },
        "200": {
            "xsec_pb": 0.021889312,
            "unc_up_pb": 0.0008466238588660518,
            "unc_down_pb": -0.0008364991082375616,
            "unc_scale_up_pb": 0.0002253880000000017,
            "unc_scale_down_pb": -0.0001837349999999991,
            "unc_pdf_up_pb": 0.0008160712026883682,
            "unc_pdf_down_pb": -0.0008160712026883682
        },
        "210": {
            "xsec_pb": 0.018122461,
            "unc_up_pb": 0.0007148829034155024,
            "unc_down_pb": -0.0007061107879049735,
            "unc_scale_up_pb": 0.0001800329999999961,
            "unc_scale_down_pb": -0.0001412330000000045,
            "unc_pdf_up_pb": 0.0006918422396086989,
            "unc_pdf_down_pb": -0.0006918422396086989
        },
        "220": {
            "xsec_pb": 0.015117565,
            "unc_up_pb": 0.000603897098940712,
            "unc_down_pb": -0.0005975398260651823,
            "unc_scale_up_pb": 0.0001418320000000006,
            "unc_scale_down_pb": -0.00011170699999999822,
            "unc_pdf_up_pb": 0.0005870054428069712,
            "unc_pdf_down_pb": -0.0005870054428069712
        },
        "230": {
            "xsec_pb": 0.012695821,
            "unc_up_pb": 0.0005186025402507185,
            "unc_down_pb": -0.0005146638203210902,
            "unc_scale_up_pb": 0.00010889600000000069,
            "unc_scale_down_pb": -8.825299999999994e-05,
            "unc_pdf_up_pb": 0.0005070406846974892,
            "unc_pdf_down_pb": -0.0005070406846974892
        },
        "240": {
            "xsec_pb": 0.010726668,
            "unc_up_pb": 0.0004502789846471091,
            "unc_down_pb": -0.0004466718981331056,
            "unc_scale_up_pb": 8.933300000000133e-05,
            "unc_scale_down_pb": -6.888399999999909e-05,
            "unc_pdf_up_pb": 0.00044132842546773645,