{
    "initial state": "pp",
    "order": "NNLOapprox+NNLL",
    "source": "hepi-0.2.17.3",
    "contact": "Alexander Puck Neuwirth <alexander@neuwirth-informatik.de>",
    "tool": "Resummino-resummino 3.1.2-dev",
    "process_latex": "$\\overline{d}\\overline{d}$",
    "comment": "",
    "reference": "?",
    "Ecom [GeV]": "13000.0",
    "process_id": "pp_13000.0_-1_-1",
    "PDF set": "PDF4LHC21_40",
    "parameters": [
        [
            "mass_1000011_2000011_1000012_1000013_2000013_1000014_1000015_2000015_1000016"
        ]
    ],
    "data": {
        "50.0": {
            "xsec_pb": 1.1270551,
            "unc_up_pb": 0.04878441610285876,
            "unc_down_pb": -0.06773729968353369,
            "unc_scale_up_pb": 0.03775320000000004,
            "unc_scale_down_pb": -0.0602803999999999,
            "unc_pdf_up_pb": 0.03089684683356643,
            "unc_pdf_down_pb": -0.03089684683356643
        },
        "80.0": {
            "xsec_pb": 0.24477151,
            "unc_up_pb": 0.008834316838630778,
            "unc_down_pb": -0.010454345536690217,
            "unc_scale_up_pb": 0.004959379999999999,
            "unc_scale_down_pb": -0.007472860000000012,
            "unc_pdf_up_pb": 0.007310930448370777,
            "unc_pdf_down_pb": -0.007310930448370777
        },
        "100.0": {
            "xsec_pb": 0.11673914,
            "unc_up_pb": 0.004099758134644782,
            "unc_down_pb": -0.0045235641351136,
            "unc_scale_up_pb": 0.001886249999999999,
            "unc_scale_down_pb": -0.0026856199999999927,
            "unc_pdf_up_pb": 0.003640065617552254,
            "unc_pdf_down_pb": -0.003640065617552254
        },
        "150.0": {
            "xsec_pb": 0.028822666,
            "unc_up_pb": 0.0010406270877462622,
            "unc_down_pb": -0.0010518875235666896,
            "unc_scale_up_pb": 0.00034819599999999853,
            "unc_scale_down_pb": -0.00038053000000000045,
            "unc_pdf_up_pb": 0.0009806448293522305,
            "unc_pdf_down_pb": -0.0009806448293522305
        },
        "200.0": {
            "xsec_pb": 0.010126981,
            "unc_up_pb": 0.0003961087672208135,
            "unc_down_pb": -0.00039056680690145,
            "unc_scale_up_pb": 0.00010725999999999878,
            "unc_scale_down_pb": -8.452800000000125e-05,
            "unc_pdf_up_pb": 0.0003813101727848256,
            "unc_pdf_down_pb": -0.0003813101727848256
        },
        "250.0": {
            "xsec_pb": 0.0043353863,
            "unc_up_pb": 0.00018640272815888606,
            "unc_down_pb": -0.0001843015492605394,
            "unc_scale_up_pb": 3.894680000000048e-05,
            "unc_scale_down_pb": -2.7164999999999568e-05,
            "unc_pdf_up_pb": 0.0001822885729683441,
            "unc_pdf_down_pb": -0.0001822885729683441
        },
        "300.0": {
            "xsec_pb": 0.002100961,
            "unc_up_pb": 9.873356432541405e-05,
            "unc_down_pb": -9.804108877501633e-05,
            "unc_scale_up_pb": 1.5578900000000123e-05,
            "unc_scale_down_pb": -1.0316999999999922e-05,
            "unc_pdf_up_pb": 9.749674147986e-05,
            "unc_pdf_down_pb": -9.749674147986e-05
        },
        "350.0": {
            "xsec_pb": 0.0011104215,
            "unc_up_pb": 5.770219068738766e-05,
            "unc_down_pb": -5.742453225829221e-05,
            "unc_scale_up_pb": 7.402699999999908e-06,
            "unc_scale_down_pb": -4.778500000000158e-06,
            "unc_pdf_up_pb": 5.722536887459655e-05,
            "unc_pdf_down_pb": -5.722536887459655e-05
        },
        "400.0": {
            "xsec_pb": 0.00062536372,
            "unc_up_pb": 3.579218178807067e-05,
            "unc_down_pb": -3.566624387799759e-05,
            "unc_scale_up_pb": 3.811880000000002e-06,
            "unc_scale_down_pb": -2.351829999999982e-06,
            "unc_pdf_up_pb": 3.5588619641900967e-05,
            "unc_pdf_down_pb": -3.5588619641900967e-05
        },
        "450.0": {
            "xsec_pb": 0.00036960872,
            "unc_up_pb": 2.325893250079666e-05,
            "unc_down_pb": -2.320969062536843e-05,
            "unc_scale_up_pb": 2.0333300000000085e-06,
            "unc_scale_down_pb": -1.3587600000000222e-06,
            "unc_pdf_up_pb": 2.3169883689559497e-05,
            "unc_pdf_down_pb": -2.3169883689559497e-05
        },
        "500.0": {
            "xsec_pb": 0.000226902,
            "unc_up_pb": 1.5686612547125814e-05,
            "unc_down_pb": -1.5657917481441924e-05,
            "unc_scale_up_pb": 1.1603299999999917e-06,
            "unc_scale_down_pb": -6.68530000000011e-07,
            "unc_pdf_up_pb": 1.5643639202396124e-05,
            "unc_pdf_down_pb": -1.5643639202396124e-05
        },
        "550.0": {
            "xsec_pb": 0.00014369551,
            "unc_up_pb": 1.09530310211949e-05,
            "unc_down_pb": -1.0939424993776289e-05,
            "unc_scale_up_pb": 6.803199999999955e-07,
            "unc_scale_down_pb": -4.0616000000000697e-07,
            "unc_pdf_up_pb": 1.0931882420189926e-05,
            "unc_pdf_down_pb": -1.0931882420189926e-05
        },
        "600.0": {
            "xsec_pb": 9.3342524e-05,
            "unc_up_pb": 7.855298352925505e-06,
            "unc_down_pb": -7.8480342185616e-06,
            "unc_scale_up_pb": 4.103790000000148e-07,
            "unc_scale_down_pb": -2.3310899999998727e-07,
            "unc_pdf_up_pb": 7.844571453548815e-06,
            "unc_pdf_down_pb": -7.844571453548815e-06
        },
        "650.0": {
            "xsec_pb": 6.1956384e-05,
            "unc_up_pb": 5.785993378171943e-06,
            "unc_down_pb": -5.781741046609904e-06,
            "unc_scale_up_pb": 2.6368600000001074e-07,
            "unc_scale_down_pb": -1.426199999999956e-07,
            "unc_pdf_up_pb": 5.779981753055426e-06,
            "unc_pdf_down_pb": -5.779981753055426e-06
        },
        "700.0": {
            "xsec_pb": 4.1877557e-05,
            "unc_up_pb": 4.339499133971203e-06,
            "unc_down_pb": -4.336956087270411e-06,
            "unc_scale_up_pb": 1.7431499999999022e-07,
            "unc_scale_down_pb": -9.122000000001164e-08,
            "unc_pdf_up_pb": 4.3359966575761845e-06,
            "unc_pdf_down_pb": -4.3359966575761845e-06
        },
        "750.0": {
            "xsec_pb": 2.8754862e-05,
            "unc_up_pb": 3.3163268005054353e-06,
            "unc_down_pb": -3.3146002285599413e-06,
            "unc_scale_up_pb": 1.2054099999999875e-07,
            "unc_scale_down_pb": -5.551000000000042e-08,
            "unc_pdf_up_pb": 3.3141353797136315e-06,
            "unc_pdf_down_pb": -3.3141353797136315e-06
        },
        "800.0": {
            "xsec_pb": 2.0015654e-05,
            "unc_up_pb": 2.589482270497725e-06,
            "unc_down_pb": -2.5884318247802206e-06,
            "unc_scale_up_pb": 8.208400000000001e-08,
            "unc_scale_down_pb": -3.6036999999998856e-08,
            "unc_pdf_up_pb": 2.5881809531340844e-06,
            "unc_pdf_down_pb": -2.5881809531340844e-06
        },
        "850.0": {
            "xsec_pb": 1.4102157e-05,
            "unc_up_pb": 2.047175871951278e-06,
            "unc_down_pb": -2.0464685257365857e-06,
            "unc_scale_up_pb": 5.8704999999999466e-08,
            "unc_scale_down_pb": -2.3466000000000192e-08,
            "unc_pdf_up_pb": 2.0463339839025483e-06,
            "unc_pdf_down_pb": -2.0463339839025483e-06
        },
        "900.0": {
            "xsec_pb": 1.0042694e-05,
            "unc_up_pb": 1.62856344891131e-06,
            "unc_down_pb": -1.6279985678623637e-06,
            "unc_scale_up_pb": 4.5466999999998696e-08,
            "unc_scale_down_pb": -1.5088999999999984e-08,
            "unc_pdf_up_pb": 1.6279286406476495e-06,
            "unc_pdf_down_pb": -1.6279286406476495e-06
        },
        "950.0": {
            "xsec_pb": 7.2238432e-06,
            "unc_up_pb": 1.3169532837460326e-06,
            "unc_down_pb": -1.3166697778541353e-06,