{
    "initial state": "pp",
    "order": "NNLOapprox+NNLL",
    "source": "hepi-0.2.17.3",
    "contact": "Alexander Puck Neuwirth <alexander@neuwirth-informatik.de>",
    "tool": "Resummino-resummino 3.1.2-dev",
    "process_latex": "$\\tilde{\\tau}_{1}^{+}\\tilde{\\nu}_{\\tau L}$",
    "comment": "0.0.0",
    "reference": "?",
    "Ecom [GeV]": "13000",
    "process_id": "pp_13000_-1000015_1000016",
    "PDF set": "PDF4LHC21_40",
    "parameters": [
        [
            "mass_-1000015_1000016"
        ]
    ],
    "data": {
        "50": {
            "xsec_pb": 6.6447602,
            "unc_up_pb": 0.5223370044364091,
            "unc_down_pb": -0.481944903611389,
            "unc_scale_up_pb": 0.493047499999999,
            "unc_scale_down_pb": -0.4500342000000006,
            "unc_pdf_up_pb": 0.17245320799379552,
            "unc_pdf_down_pb": -0.17245320799379552
        },
        "60": {
            "xsec_pb": 2.8832073,
            "unc_up_pb": 0.2189003991129937,
            "unc_down_pb": -0.1759288784771494,
            "unc_scale_up_pb": 0.20462059999999993,
            "unc_scale_down_pb": -0.15780740000000004,
            "unc_pdf_up_pb": 0.07776756899548648,
            "unc_pdf_down_pb": -0.07776756899548648
        },
        "70": {
            "xsec_pb": 1.5523063,
            "unc_up_pb": 0.11434372482494498,
            "unc_down_pb": -0.09335087487706123,
            "unc_scale_up_pb": 0.1055113000000002,
            "unc_scale_down_pb": -0.08229539999999991,
            "unc_pdf_up_pb": 0.04406646093292191,
            "unc_pdf_down_pb": -0.04406646093292191
        },
        "80": {
            "xsec_pb": 0.93473381,
            "unc_up_pb": 0.06730133827109613,
            "unc_down_pb": -0.0553037989803205,
            "unc_scale_up_pb": 0.06143757000000005,
            "unc_scale_down_pb": -0.04799598999999999,
            "unc_pdf_up_pb": 0.027475354876245014,
            "unc_pdf_down_pb": -0.027475354876245014
        },
        "90": {
            "xsec_pb": 0.60513381,
            "unc_up_pb": 0.04276750256239327,
            "unc_down_pb": -0.03548053028302035,
            "unc_scale_up_pb": 0.03850978999999999,
            "unc_scale_down_pb": -0.03021278999999999,
            "unc_pdf_up_pb": 0.018602562984175626,
            "unc_pdf_down_pb": -0.018602562984175626
        },
        "100": {
            "xsec_pb": 0.41246677,
            "unc_up_pb": 0.028671323270310276,
            "unc_down_pb": -0.023917080358692087,
            "unc_scale_up_pb": 0.025546190000000024,
            "unc_scale_down_pb": -0.020064639999999967,
            "unc_pdf_up_pb": 0.013016795095357971,
            "unc_pdf_down_pb": -0.013016795095357971
        },
        "110": {
            "xsec_pb": 0.29238328,
            "unc_up_pb": 0.02001926504079013,
            "unc_down_pb": -0.0168358686167778,
            "unc_scale_up_pb": 0.01763017000000003,
            "unc_scale_down_pb": -0.013910369999999977,
            "unc_pdf_up_pb": 0.009484096084735896,
            "unc_pdf_down_pb": -0.009484096084735896
        },
        "120": {
            "xsec_pb": 0.21367663,
            "unc_up_pb": 0.014456875190809503,
            "unc_down_pb": -0.012259149328731777,
            "unc_scale_up_pb": 0.012556990000000004,
            "unc_scale_down_pb": -0.009948040000000005,
            "unc_pdf_up_pb": 0.007164024177970369,
            "unc_pdf_down_pb": -0.007164024177970369
        },
        "130": {
            "xsec_pb": 0.16011531,
            "unc_up_pb": 0.010770926906376547,
            "unc_down_pb": -0.0091995282189038,
            "unc_scale_up_pb": 0.009211649999999988,
            "unc_scale_down_pb": -0.007312520000000017,
            "unc_pdf_up_pb": 0.005581968353547592,
            "unc_pdf_down_pb": -0.005581968353547592
        },
        "140": {
            "xsec_pb": 0.12250261,
            "unc_up_pb": 0.00817708779011742,
            "unc_down_pb": -0.007018624783801169,
            "unc_scale_up_pb": 0.006912459999999995,
            "unc_scale_down_pb": -0.005493490000000004,
            "unc_pdf_up_pb": 0.004368370574446235,
            "unc_pdf_down_pb": -0.004368370574446235
        },
        "150": {
            "xsec_pb": 0.095359078,
            "unc_up_pb": 0.006338364587934353,
            "unc_down_pb": -0.005470503290670836,
            "unc_scale_up_pb": 0.005283902000000007,
            "unc_scale_down_pb": -0.0042037080000000004,
            "unc_pdf_up_pb": 0.003500749248943189,
            "unc_pdf_down_pb": -0.003500749248943189
        },
        "160": {
            "xsec_pb": 0.075384542,
            "unc_up_pb": 0.005001110292171465,
            "unc_down_pb": -0.004362798213502364,
            "unc_scale_up_pb": 0.004107182000000001,
            "unc_scale_down_pb": -0.0033002800000000027,
            "unc_pdf_up_pb": 0.002853447068606561,
            "unc_pdf_down_pb": -0.002853447068606561
        },
        "170": {
            "xsec_pb": 0.060365072,
            "unc_up_pb": 0.003996834493924031,
            "unc_down_pb": -0.003497378800438128,
            "unc_scale_up_pb": 0.0032372259999999993,
            "unc_scale_down_pb": -0.0025954970000000056,
            "unc_pdf_up_pb": 0.002344153108639663,
            "unc_pdf_down_pb": -0.002344153108639663
        },
        "180": {
            "xsec_pb": 0.048888296,
            "unc_up_pb": 0.0032485578672672723,
            "unc_down_pb": -0.0028317247712770373,
            "unc_scale_up_pb": 0.0026016210000000053,
            "unc_scale_down_pb": -0.0020576609999999954,
            "unc_pdf_up_pb": 0.0019454296156229945,
            "unc_pdf_down_pb": -0.0019454296156229945
        },
        "190": {
            "xsec_pb": 0.040008422,
            "unc_up_pb": 0.0026883764567464576,
            "unc_down_pb": -0.0023312320279014805,
            "unc_scale_up_pb": 0.0021349499999999966,
            "unc_scale_down_pb": -0.001662915000000001,
            "unc_pdf_up_pb": 0.0016338165351986891,
            "unc_pdf_down_pb": -0.0016338165351986891
        },
        "200": {
            "xsec_pb": 0.03304036,
            "unc_up_pb": 0.0022547862466959145,
            "unc_down_pb": -0.0019424988759680272,
            "unc_scale_up_pb": 0.0017781889999999995,
            "unc_scale_down_pb": -0.0013605869999999964,
            "unc_pdf_up_pb": 0.001386399977844798,
            "unc_pdf_down_pb": -0.001386399977844798
        },
        "210": {
            "xsec_pb": 0.027512768,
            "unc_up_pb": 0.0018912692697698745,
            "unc_down_pb": -0.001629110421790946,
            "unc_scale_up_pb": 0.0014757979999999987,
            "unc_scale_down_pb": -0.0011203040000000008,
            "unc_pdf_up_pb": 0.001182759364356028,
            "unc_pdf_down_pb": -0.001182759364356028
        },
        "220": {
            "xsec_pb": 0.023067919,
            "unc_up_pb": 0.0016168441967483872,
            "unc_down_pb": -0.0013793563165791912,
            "unc_scale_up_pb": 0.0012548190000000042,
            "unc_scale_down_pb": -0.0009289829999999943,
            "unc_pdf_up_pb": 0.0010196148458108706,
            "unc_pdf_down_pb": -0.0010196148458108706
        },
        "230": {
            "xsec_pb": 0.019478383,
            "unc_up_pb": 0.0013755750011315712,
            "unc_down_pb": -0.0011732847052962488,
            "unc_scale_up_pb": 0.0010584750000000032,
            "unc_scale_down_pb": -0.0007776629999999979,
            "unc_pdf_up_pb": 0.0008785426899776197,
            "unc_pdf_down_pb": -0.0008785426899776197
        },
        "240": {
            "xsec_pb": 0.016543061,
            "unc_up_pb": 0.001183976579070217,
            "unc_down_pb": -0.0010065817256054346,
            "unc_scale_up_pb": 0.0009046349999999957,
            "unc_scale_down_pb": -0.0006555690000000034,
            "unc_pdf_up_pb": 0.000763829861004278,
            "unc_pdf_down_pb": -0.000763829861004278
        },