{
    "initial state": "pp",
    "order": "NNLOapprox+NNLL",
    "source": "hepi-0.2.17.12",
    "contact": "Alexander Puck Neuwirth <alexander@neuwirth-informatik.de>",
    "tool": "Resummino-resummino 3.1.2-dev",
    "process_latex": "$\\tilde{e}_{L}^{+}\\tilde{\\nu}_{eL}$",
    "comment": "0.0.0",
    "reference": "?",
    "Ecom [GeV]": "13000",
    "process_id": "pp_13000_-1000011_1000012",
    "PDF set": "PDF4LHC21_40",
    "parameters": [
        [
            "mass_-1000011_1000012"
        ]
    ],
    "data": {
        "50": {
            "xsec_pb": 13.28952,
            "unc_up_pb": 1.0446741134596527,
            "unc_down_pb": -0.9638895470600912,
            "unc_scale_up_pb": 0.9860950000000006,
            "unc_scale_down_pb": -0.9000679999999992,
            "unc_pdf_up_pb": 0.34490673276656914,
            "unc_pdf_down_pb": -0.34490673276656914
        },
        "60": {
            "xsec_pb": 5.7664146,
            "unc_up_pb": 0.4378007977952212,
            "unc_down_pb": -0.3518577564183154,
            "unc_scale_up_pb": 0.40924119999999986,
            "unc_scale_down_pb": -0.3156148000000001,
            "unc_pdf_up_pb": 0.15553513677845057,
            "unc_pdf_down_pb": -0.15553513677845057
        },
        "70": {
            "xsec_pb": 3.1046126,
            "unc_up_pb": 0.22868766041438088,
            "unc_down_pb": -0.18670189488902628,
            "unc_scale_up_pb": 0.2110227,
            "unc_scale_down_pb": -0.16459080000000004,
            "unc_pdf_up_pb": 0.08813322932080209,
            "unc_pdf_down_pb": -0.08813322932080209
        },
        "80": {
            "xsec_pb": 1.8694676,
            "unc_up_pb": 0.13460278789678842,
            "unc_down_pb": -0.1106076841749602,
            "unc_scale_up_pb": 0.12287520000000018,
            "unc_scale_down_pb": -0.09599199999999986,
            "unc_pdf_up_pb": 0.0549508483514838,
            "unc_pdf_down_pb": -0.0549508483514838
        },
        "90": {
            "xsec_pb": 1.2102676,
            "unc_up_pb": 0.08553504231712593,
            "unc_down_pb": -0.07096110071998972,
            "unc_scale_up_pb": 0.07701959999999997,
            "unc_scale_down_pb": -0.06042559999999997,
            "unc_pdf_up_pb": 0.03720517007127545,
            "unc_pdf_down_pb": -0.03720517007127545
        },
        "100": {
            "xsec_pb": 0.82493353,
            "unc_up_pb": 0.05734266063767959,
            "unc_down_pb": -0.047834158546261524,
            "unc_scale_up_pb": 0.05109238999999999,
            "unc_scale_down_pb": -0.040129269999999995,
            "unc_pdf_up_pb": 0.026033601615911454,
            "unc_pdf_down_pb": -0.026033601615911454
        },
        "110": {
            "xsec_pb": 0.58476657,
            "unc_up_pb": 0.04003852565093079,
            "unc_down_pb": -0.03367174243692993,
            "unc_scale_up_pb": 0.03526033000000012,
            "unc_scale_down_pb": -0.027820739999999955,
            "unc_pdf_up_pb": 0.01896820140633643,
            "unc_pdf_down_pb": -0.01896820140633643
        },
        "120": {
            "xsec_pb": 0.42735326,
            "unc_up_pb": 0.028913752514040394,
            "unc_down_pb": -0.024518299044003503,
            "unc_scale_up_pb": 0.025113990000000003,
            "unc_scale_down_pb": -0.019896090000000005,
            "unc_pdf_up_pb": 0.014328035131276042,
            "unc_pdf_down_pb": -0.014328035131276042
        },
        "130": {
            "xsec_pb": 0.32023063,
            "unc_up_pb": 0.021541845350190686,
            "unc_down_pb": -0.01839905447853321,
            "unc_scale_up_pb": 0.018423299999999948,
            "unc_scale_down_pb": -0.014625050000000056,
            "unc_pdf_up_pb": 0.011163920377785422,
            "unc_pdf_down_pb": -0.011163920377785422
        },
        "140": {
            "xsec_pb": 0.24500522,
            "unc_up_pb": 0.016354176961500155,
            "unc_down_pb": -0.014037261025583446,
            "unc_scale_up_pb": 0.013824910000000024,
            "unc_scale_down_pb": -0.01098697999999998,
            "unc_pdf_up_pb": 0.008736759558323853,
            "unc_pdf_down_pb": -0.008736759558323853
        },
        "150": {
            "xsec_pb": 0.19071816,
            "unc_up_pb": 0.01267673656733925,
            "unc_down_pb": -0.010941012423812343,
            "unc_scale_up_pb": 0.01056781000000001,
            "unc_scale_down_pb": -0.008407419999999999,
            "unc_pdf_up_pb": 0.007001502824509605,
            "unc_pdf_down_pb": -0.007001502824509605
        },
        "160": {
            "xsec_pb": 0.15076908,
            "unc_up_pb": 0.010002226752867719,
            "unc_down_pb": -0.008725597849573611,
            "unc_scale_up_pb": 0.008214370000000026,
            "unc_scale_down_pb": -0.0066005599999999776,
            "unc_pdf_up_pb": 0.005706896312259682,
            "unc_pdf_down_pb": -0.005706896312259682
        },
        "170": {
            "xsec_pb": 0.12073014,
            "unc_up_pb": 0.007993679025156734,
            "unc_down_pb": -0.006994758698177582,
            "unc_scale_up_pb": 0.006474459999999994,
            "unc_scale_down_pb": -0.005190990000000013,
            "unc_pdf_up_pb": 0.004688312283288177,
            "unc_pdf_down_pb": -0.004688312283288177
        },
        "180": {
            "xsec_pb": 0.097776593,
            "unc_up_pb": 0.006497110355799911,
            "unc_down_pb": -0.00566344869241369,
            "unc_scale_up_pb": 0.005203237000000006,
            "unc_scale_down_pb": -0.004115322999999983,
            "unc_pdf_up_pb": 0.0038908569361097607,
            "unc_pdf_down_pb": -0.0038908569361097607
        },
        "190": {
            "xsec_pb": 0.080016845,
            "unc_up_pb": 0.005376753333889118,
            "unc_down_pb": -0.00466246596724434,
            "unc_scale_up_pb": 0.004269899999999993,
            "unc_scale_down_pb": -0.003325832000000001,
            "unc_pdf_up_pb": 0.0032676337621416127,
            "unc_pdf_down_pb": -0.0032676337621416127
        },
        "200": {
            "xsec_pb": 0.06608072,
            "unc_up_pb": 0.004509573976818458,
            "unc_down_pb": -0.0038849978580027906,
            "unc_scale_up_pb": 0.0035563789999999984,
            "unc_scale_down_pb": -0.0027211729999999934,
            "unc_pdf_up_pb": 0.0027728010856816403,
            "unc_pdf_down_pb": -0.0027728010856816403
        },
        "210": {
            "xsec_pb": 0.055025536,
            "unc_up_pb": 0.003782539126920971,
            "unc_down_pb": -0.003258222213163654,
            "unc_scale_up_pb": 0.0029515959999999973,
            "unc_scale_down_pb": -0.002240609000000001,
            "unc_pdf_up_pb": 0.0023655196679529143,
            "unc_pdf_down_pb": -0.0023655196679529143
        },
        "220": {
            "xsec_pb": 0.046135839,
            "unc_up_pb": 0.0032336871491391887,
            "unc_down_pb": -0.0027587120842695627,
            "unc_scale_up_pb": 0.002509637000000009,
            "unc_scale_down_pb": -0.0018579659999999887,
            "unc_pdf_up_pb": 0.002039228949073381,
            "unc_pdf_down_pb": -0.002039228949073381
        },
        "230": {
            "xsec_pb": 0.038956766,
            "unc_up_pb": 0.0027511496629627034,
            "unc_down_pb": -0.0023465699149385587,
            "unc_scale_up_pb": 0.0021169489999999964,
            "unc_scale_down_pb": -0.0015553259999999992,
            "unc_pdf_up_pb": 0.0017570860535041483,
            "unc_pdf_down_pb": -0.0017570860535041483
        },
        "240": {
            "xsec_pb": 0.033086121,
            "unc_up_pb": 0.0023679547648802445,
            "unc_down_pb": -0.0020131637911126564,
            "unc_scale_up_pb": 0.0018092709999999908,
            "unc_scale_down_pb": -0.0013111370000000074,
            "unc_pdf_up_pb": 0.001527661028199016,
            "unc_pdf_down_pb": -0.001527661028199016
        },
        "250": {
            "xsec_pb": 0.028259434,