{
    "initial state": "pp",
    "order": "NNLOapprox+NNLL",
    "source": "hepi-0.2.17.3",
    "contact": "Alexander Puck Neuwirth <alexander@neuwirth-informatik.de>",
    "tool": "Resummino-resummino 3.1.2-dev",
    "process_latex": "$\\tilde{\\tau}_{1}^{+}\\tilde{\\nu}_{\\tau L}$",
    "comment": "0.0.0",
    "reference": "?",
    "Ecom [GeV]": "13600",
    "process_id": "pp_13600_-1000015_1000016",
    "PDF set": "PDF4LHC21_40",
    "parameters": [
        [
            "mass_-1000015_1000016"
        ]
    ],
    "data": {
        "50": {
            "xsec_pb": 6.9757998,
            "unc_up_pb": 0.5484346371241401,
            "unc_down_pb": -0.5174773564720742,
            "unc_scale_up_pb": 0.5182865000000003,
            "unc_scale_down_pb": -0.48541029999999985,
            "unc_pdf_up_pb": 0.17933113258783756,
            "unc_pdf_down_pb": -0.17933113258783756
        },
        "60": {
            "xsec_pb": 3.0333027,
            "unc_up_pb": 0.23043310538299272,
            "unc_down_pb": -0.18576238173658682,
            "unc_scale_up_pb": 0.21581269999999986,
            "unc_scale_down_pb": -0.1672823000000001,
            "unc_pdf_up_pb": 0.08077310551885099,
            "unc_pdf_down_pb": -0.08077310551885099
        },
        "70": {
            "xsec_pb": 1.6358599,
            "unc_up_pb": 0.1204611354306713,
            "unc_down_pb": -0.09810816684968995,
            "unc_scale_up_pb": 0.1114314999999999,
            "unc_scale_down_pb": -0.08678310000000011,
            "unc_pdf_up_pb": 0.04575921718076663,
            "unc_pdf_down_pb": -0.04575921718076663
        },
        "80": {
            "xsec_pb": 0.98701753,
            "unc_up_pb": 0.07091165016775017,
            "unc_down_pb": -0.05827304793570179,
            "unc_scale_up_pb": 0.06488686999999987,
            "unc_scale_down_pb": -0.0507699900000001,
            "unc_pdf_up_pb": 0.02860343040819556,
            "unc_pdf_down_pb": -0.028603430408195782
        },
        "90": {
            "xsec_pb": 0.63991217,
            "unc_up_pb": 0.04509541865692636,
            "unc_down_pb": -0.037306663448283275,
            "unc_scale_up_pb": 0.04081734999999992,
            "unc_scale_down_pb": -0.03200385000000011,
            "unc_pdf_up_pb": 0.019171351616956173,
            "unc_pdf_down_pb": -0.019171351616956173
        },
        "100": {
            "xsec_pb": 0.43687945,
            "unc_up_pb": 0.030267323323794813,
            "unc_down_pb": -0.02520056347332403,
            "unc_scale_up_pb": 0.02709905000000004,
            "unc_scale_down_pb": -0.021291219999999972,
            "unc_pdf_up_pb": 0.013481555929663054,
            "unc_pdf_down_pb": -0.013481555929663054
        },
        "110": {
            "xsec_pb": 0.31002165,
            "unc_up_pb": 0.02117733661765362,
            "unc_down_pb": -0.017780800014617217,
            "unc_scale_up_pb": 0.018713950000000035,
            "unc_scale_down_pb": -0.014761069999999987,
            "unc_pdf_up_pb": 0.009913004671385556,
            "unc_pdf_down_pb": -0.009913004671385556
        },
        "120": {
            "xsec_pb": 0.22693583,
            "unc_up_pb": 0.015297573365987145,
            "unc_down_pb": -0.012942857892129518,
            "unc_scale_up_pb": 0.013352119999999981,
            "unc_scale_down_pb": -0.01057265000000003,
            "unc_pdf_up_pb": 0.007465697716446815,
            "unc_pdf_down_pb": -0.007465697716446815
        },
        "130": {
            "xsec_pb": 0.17027071,
            "unc_up_pb": 0.011382554332465426,
            "unc_down_pb": -0.00969768839655754,
            "unc_scale_up_pb": 0.009805979999999992,
            "unc_scale_down_pb": -0.007787160000000015,
            "unc_pdf_up_pb": 0.005779731773285589,
            "unc_pdf_down_pb": -0.005779731773285589
        },
        "140": {
            "xsec_pb": 0.13044078,
            "unc_up_pb": 0.008653086539421373,
            "unc_down_pb": -0.007414914708849751,
            "unc_scale_up_pb": 0.007365310000000007,
            "unc_scale_down_pb": -0.005861129999999985,
            "unc_pdf_up_pb": 0.004541818497321968,
            "unc_pdf_down_pb": -0.004541818497321968
        },
        "150": {
            "xsec_pb": 0.10169221,
            "unc_up_pb": 0.006721450870882405,
            "unc_down_pb": -0.005791024974992058,
            "unc_scale_up_pb": 0.0056409900000000054,
            "unc_scale_down_pb": -0.004492085999999999,
            "unc_pdf_up_pb": 0.003654741253438577,
            "unc_pdf_down_pb": -0.003654741253438577
        },
        "160": {
            "xsec_pb": 0.080495141,
            "unc_up_pb": 0.005292518430162863,
            "unc_down_pb": -0.004602081244560286,
            "unc_scale_up_pb": 0.004391123000000004,
            "unc_scale_down_pb": -0.0035285069999999932,
            "unc_pdf_up_pb": 0.0029544525943877627,
            "unc_pdf_down_pb": -0.0029544525943877627
        },
        "170": {
            "xsec_pb": 0.064548647,
            "unc_up_pb": 0.004241500304242774,
            "unc_down_pb": -0.003710025012059576,
            "unc_scale_up_pb": 0.0034661050000000006,
            "unc_scale_down_pb": -0.002790670999999998,
            "unc_pdf_up_pb": 0.0024446760439507326,
            "unc_pdf_down_pb": -0.0024446760439507326
        },
        "180": {
            "xsec_pb": 0.052329757,
            "unc_up_pb": 0.003456139552202215,
            "unc_down_pb": -0.0030075553693078468,
            "unc_scale_up_pb": 0.0027872120000000007,
            "unc_scale_down_pb": -0.002206589999999998,
            "unc_pdf_up_pb": 0.002043611966923392,
            "unc_pdf_down_pb": -0.002043611966923392
        },
        "190": {
            "xsec_pb": 0.042877345,
            "unc_up_pb": 0.0028340693609789237,
            "unc_down_pb": -0.0024771178389883814,
            "unc_scale_up_pb": 0.002254167000000005,
            "unc_scale_down_pb": -0.0017847779999999903,
            "unc_pdf_up_pb": 0.001717754429175045,
            "unc_pdf_down_pb": -0.001717754429175045
        },
        "200": {
            "xsec_pb": 0.035454161,
            "unc_up_pb": 0.0023665435581021036,
            "unc_down_pb": -0.002054163616537526,
            "unc_scale_up_pb": 0.0018729630000000018,
            "unc_scale_down_pb": -0.0014584410000000013,
            "unc_pdf_up_pb": 0.0014465607533130224,
            "unc_pdf_down_pb": -0.0014465607533130224
        },
        "210": {
            "xsec_pb": 0.029558897,
            "unc_up_pb": 0.002007754017052922,
            "unc_down_pb": -0.0017363394722798714,
            "unc_scale_up_pb": 0.0015714739999999998,
            "unc_scale_down_pb": -0.001205541000000001,
            "unc_pdf_up_pb": 0.0012496182058197385,
            "unc_pdf_down_pb": -0.0012496182058197385
        },
        "220": {
            "xsec_pb": 0.024817083,
            "unc_up_pb": 0.001712350252827066,
            "unc_down_pb": -0.0014688011218871378,
            "unc_scale_up_pb": 0.0013329679999999986,
            "unc_scale_down_pb": -0.001001018000000001,
            "unc_pdf_up_pb": 0.0010748672938241798,
            "unc_pdf_down_pb": -0.0010748672938241798
        },
        "230": {
            "xsec_pb": 0.020981567,
            "unc_up_pb": 0.0014538670836642168,
            "unc_down_pb": -0.0012438319770203244,
            "unc_scale_up_pb": 0.0011263269999999981,
            "unc_scale_down_pb": -0.0008378550000000002,
            "unc_pdf_up_pb": 0.0009193024453537004,
            "unc_pdf_down_pb": -0.0009193024453537004
        },
        "240": {
            "xsec_pb": 0.017842937,
            "unc_up_pb": 0.0012539941397785499,
            "unc_down_pb": -0.0010688339905331177,
            "unc_scale_up_pb": 0.0009640290000000017,
            "unc_scale_down_pb": -0.0007065810000000013,
            "unc_pdf_up_pb": 0.0008019659529917368,
            "unc_pdf_down_pb": -0.0008019659529917368
        },