{
    "initial state": "pp",
    "order": "NNLOapprox+NNLL",
    "source": "hepi-0.2.17.12",
    "contact": "Alexander Puck Neuwirth <alexander@neuwirth-informatik.de>",
    "tool": "Resummino-resummino 3.1.2-dev",
    "process_latex": "$\\overline{\\tilde{\\nu}}_{eL}\\tilde{\\nu}_{eL}$",
    "comment": "0.0.0",
    "reference": "?",
    "Ecom [GeV]": "13600",
    "process_id": "pp_13600_-1000012_1000012",
    "PDF set": "PDF4LHC21_40",
    "parameters": [
        [
            "mass_-1000012_1000012"
        ]
    ],
    "data": {
        "50": {
            "xsec_pb": 7.3268173,
            "unc_up_pb": 0.3536320393420769,
            "unc_down_pb": -0.49450617389916074,
            "unc_scale_up_pb": 0.3008090999999995,
            "unc_scale_down_pb": -0.4582214000000002,
            "unc_pdf_up_pb": 0.18592876218172008,
            "unc_pdf_down_pb": -0.18592876218172008
        },
        "60": {
            "xsec_pb": 2.5709943,
            "unc_up_pb": 0.10701497560560042,
            "unc_down_pb": -0.14167318576804638,
            "unc_scale_up_pb": 0.0836627999999997,
            "unc_scale_down_pb": -0.12497420000000026,
            "unc_pdf_up_pb": 0.0667288610724573,
            "unc_pdf_down_pb": -0.0667288610724573
        },
        "70": {
            "xsec_pb": 1.2913032,
            "unc_up_pb": 0.048817986595566375,
            "unc_down_pb": -0.06198079696587402,
            "unc_scale_up_pb": 0.03446260000000001,
            "unc_scale_down_pb": -0.05144020000000016,
            "unc_pdf_up_pb": 0.0345763649981442,
            "unc_pdf_down_pb": -0.0345763649981442
        },
        "80": {
            "xsec_pb": 0.75020143,
            "unc_up_pb": 0.02628358062579921,
            "unc_down_pb": -0.0323759902347293,
            "unc_scale_up_pb": 0.016642690000000127,
            "unc_scale_down_pb": -0.025186449999999916,
            "unc_pdf_up_pb": 0.02034324163148014,
            "unc_pdf_down_pb": -0.02034324163148014
        },
        "90": {
            "xsec_pb": 0.47442162,
            "unc_up_pb": 0.016317275585406292,
            "unc_down_pb": -0.019045602412829925,
            "unc_scale_up_pb": 0.009290550000000009,
            "unc_scale_down_pb": -0.013520199999999982,
            "unc_pdf_up_pb": 0.013414140420749844,
            "unc_pdf_down_pb": -0.013414140420749844
        },
        "100": {
            "xsec_pb": 0.3180172,
            "unc_up_pb": 0.01072854448120487,
            "unc_down_pb": -0.012007548824364288,
            "unc_scale_up_pb": 0.005628689999999992,
            "unc_scale_down_pb": -0.007794980000000007,
            "unc_pdf_up_pb": 0.009133428467398858,
            "unc_pdf_down_pb": -0.009133428467398858
        },
        "110": {
            "xsec_pb": 0.22250099,
            "unc_up_pb": 0.007356865867533549,
            "unc_down_pb": -0.008075110109836262,
            "unc_scale_up_pb": 0.0034762499999999724,
            "unc_scale_down_pb": -0.004813340000000013,
            "unc_pdf_up_pb": 0.006483761356680245,
            "unc_pdf_down_pb": -0.006483761356680245
        },
        "120": {
            "xsec_pb": 0.16090589,
            "unc_up_pb": 0.005342740515534296,
            "unc_down_pb": -0.005718834349719539,
            "unc_scale_up_pb": 0.002323330000000026,
            "unc_scale_down_pb": -0.0030916099999999808,
            "unc_pdf_up_pb": 0.004811134370128511,
            "unc_pdf_down_pb": -0.004811134370128511
        },
        "130": {
            "xsec_pb": 0.1195044,
            "unc_up_pb": 0.0039909876105514615,
            "unc_down_pb": -0.0042023611597618755,
            "unc_scale_up_pb": 0.0015775099999999972,
            "unc_scale_down_pb": -0.002054359999999998,
            "unc_pdf_up_pb": 0.003665984766399778,
            "unc_pdf_down_pb": -0.003665984766399778
        },
        "140": {
            "xsec_pb": 0.090733032,
            "unc_up_pb": 0.0030436341600289496,
            "unc_down_pb": -0.0031675681212083285,
            "unc_scale_up_pb": 0.0011294570000000073,
            "unc_scale_down_pb": -0.0014301930000000032,
            "unc_pdf_up_pb": 0.0028263113390506324,
            "unc_pdf_down_pb": -0.0028263113390506324
        },
        "150": {
            "xsec_pb": 0.070156228,
            "unc_up_pb": 0.0024013324911302323,
            "unc_down_pb": -0.002465392575489895,
            "unc_scale_up_pb": 0.000833288999999994,
            "unc_scale_down_pb": -0.001003062000000006,
            "unc_pdf_up_pb": 0.0022521161549610876,
            "unc_pdf_down_pb": -0.0022521161549610876
        },
        "160": {
            "xsec_pb": 0.055082918,
            "unc_up_pb": 0.0020093226992388444,
            "unc_down_pb": -0.0020274719422681306,
            "unc_scale_up_pb": 0.0006565340000000038,
            "unc_scale_down_pb": -0.0007101420000000004,
            "unc_pdf_up_pb": 0.0018990368128397322,
            "unc_pdf_down_pb": -0.0018990368128397322
        },
        "170": {
            "xsec_pb": 0.043850885,
            "unc_up_pb": 0.0015576357007950768,
            "unc_down_pb": -0.001562861673374966,
            "unc_scale_up_pb": 0.0004997760000000004,
            "unc_scale_down_pb": -0.0005158330000000003,
            "unc_pdf_up_pb": 0.0014752806262590804,
            "unc_pdf_down_pb": -0.0014752806262590804
        },
        "180": {
            "xsec_pb": 0.035326075,
            "unc_up_pb": 0.0012789930819514365,
            "unc_down_pb": -0.0012702195806708603,
            "unc_scale_up_pb": 0.0003978490000000022,
            "unc_scale_down_pb": -0.0003686709999999975,
            "unc_pdf_up_pb": 0.0012155408166238785,
            "unc_pdf_down_pb": -0.0012155408166238785
        },
        "190": {
            "xsec_pb": 0.028766094,
            "unc_up_pb": 0.0010675979723291642,
            "unc_down_pb": -0.0010571030119725022,
            "unc_scale_up_pb": 0.00031407499999999873,
            "unc_scale_down_pb": -0.00027630499999999926,
            "unc_pdf_up_pb": 0.0010203540193953959,
            "unc_pdf_down_pb": -0.0010203540193953959
        },
        "200": {
            "xsec_pb": 0.02364297,
            "unc_up_pb": 0.0008924541820603479,
            "unc_down_pb": -0.0008802293739139805,
            "unc_scale_up_pb": 0.000253564999999999,
            "unc_scale_down_pb": -0.0002064570000000019,
            "unc_pdf_up_pb": 0.0008556747383509699,
            "unc_pdf_down_pb": -0.0008556747383509699
        },
        "210": {
            "xsec_pb": 0.019600479,
            "unc_up_pb": 0.0007521412968456968,
            "unc_down_pb": -0.0007439956803031357,
            "unc_scale_up_pb": 0.0001976799999999987,
            "unc_scale_down_pb": -0.0001639829999999995,
            "unc_pdf_up_pb": 0.0007256990753891909,
            "unc_pdf_down_pb": -0.0007256990753891909
        },
        "220": {
            "xsec_pb": 0.016374022,
            "unc_up_pb": 0.0006449149774322498,
            "unc_down_pb": -0.0006380695111196241,
            "unc_scale_up_pb": 0.00015713900000000058,
            "unc_scale_down_pb": -0.00012613499999999944,
            "unc_pdf_up_pb": 0.000625477947489308,
            "unc_pdf_down_pb": -0.000625477947489308
        },
        "230": {
            "xsec_pb": 0.013767155,
            "unc_up_pb": 0.000546777960006989,
            "unc_down_pb": -0.0005426213833313252,
            "unc_scale_up_pb": 0.0001191509999999979,
            "unc_scale_down_pb": -9.833000000000064e-05,
            "unc_pdf_up_pb": 0.0005336376830288532,
            "unc_pdf_down_pb": -0.0005336376830288532
        },
        "240": {
            "xsec_pb": 0.01165046,
            "unc_up_pb": 0.00047133337254743495,
            "unc_down_pb": -0.00046736489988010257,
            "unc_scale_up_pb": 9.817900000000032e-05,
            "unc_scale_down_pb": -7.690200000000022e-05,
            "unc_pdf_up_pb": 0.00046099461172115523,