{
    "initial state": "pp",
    "order": "NNLOapprox+NNLL",
    "source": "hepi-0.2.17.3",
    "contact": "Alexander Puck Neuwirth <alexander@neuwirth-informatik.de>",
    "tool": "Resummino-resummino 3.1.2-dev",
    "process_latex": "$\\overline{\\tilde{\\nu}}_{eL}\\tilde{\\nu}_{eL}$",
    "comment": "0.0.0",
    "reference": "?",
    "Ecom [GeV]": "13600",
    "process_id": "pp_13600_-1000012_1000012",
    "PDF set": "PDF4LHC21_40",
    "parameters": [
        [
            "mass_-1000012_1000012"
        ]
    ],
    "data": {
        "50": {
            "xsec_pb": 7.3268173,
            "unc_up_pb": 0.3536320393420769,
            "unc_down_pb": -0.49450617389916074,
            "unc_scale_up_pb": 0.3008090999999995,
            "unc_scale_down_pb": -0.4582214000000002,
            "unc_pdf_up_pb": 0.18592876218172014,
            "unc_pdf_down_pb": -0.18592876218172014
        },
        "60": {
            "xsec_pb": 2.5709943,
            "unc_up_pb": 0.10701497560560042,
            "unc_down_pb": -0.14167318576804638,
            "unc_scale_up_pb": 0.0836627999999997,
            "unc_scale_down_pb": -0.12497420000000026,
            "unc_pdf_up_pb": 0.06672886107245732,
            "unc_pdf_down_pb": -0.06672886107245732
        },
        "70": {
            "xsec_pb": 1.2913032,
            "unc_up_pb": 0.048817986595566375,
            "unc_down_pb": -0.06198079696587402,
            "unc_scale_up_pb": 0.03446260000000001,
            "unc_scale_down_pb": -0.05144020000000016,
            "unc_pdf_up_pb": 0.034576364998144204,
            "unc_pdf_down_pb": -0.034576364998144204
        },
        "80": {
            "xsec_pb": 0.75020143,
            "unc_up_pb": 0.026283580625799215,
            "unc_down_pb": -0.03237599023472931,
            "unc_scale_up_pb": 0.016642690000000127,
            "unc_scale_down_pb": -0.025186449999999916,
            "unc_pdf_up_pb": 0.020343241631480147,
            "unc_pdf_down_pb": -0.020343241631480147
        },
        "90": {
            "xsec_pb": 0.47442162,
            "unc_up_pb": 0.01631727532657088,
            "unc_down_pb": -0.019045602191073298,
            "unc_scale_up_pb": 0.009290550000000009,
            "unc_scale_down_pb": -0.013520199999999982,
            "unc_pdf_up_pb": 0.013414140105896378,
            "unc_pdf_down_pb": -0.013414140105896378
        },
        "100": {
            "xsec_pb": 0.3180172,
            "unc_up_pb": 0.010728544481204874,
            "unc_down_pb": -0.012007548824364292,
            "unc_scale_up_pb": 0.005628689999999992,
            "unc_scale_down_pb": -0.007794980000000007,
            "unc_pdf_up_pb": 0.00913342846739886,
            "unc_pdf_down_pb": -0.00913342846739886
        },
        "110": {
            "xsec_pb": 0.22250099,
            "unc_up_pb": 0.007356865867533523,
            "unc_down_pb": -0.008075110109836291,
            "unc_scale_up_pb": 0.0034762499999999724,
            "unc_scale_down_pb": -0.004813340000000013,
            "unc_pdf_up_pb": 0.006483761356680246,
            "unc_pdf_down_pb": -0.006483761356680246
        },
        "120": {
            "xsec_pb": 0.16090589,
            "unc_up_pb": 0.005342740515534296,
            "unc_down_pb": -0.005718834349719539,
            "unc_scale_up_pb": 0.002323330000000026,
            "unc_scale_down_pb": -0.0030916099999999808,
            "unc_pdf_up_pb": 0.004811134370128512,
            "unc_pdf_down_pb": -0.004811134370128512
        },
        "130": {
            "xsec_pb": 0.1195044,
            "unc_up_pb": 0.003990987610551463,
            "unc_down_pb": -0.004202361159761877,
            "unc_scale_up_pb": 0.0015775099999999972,
            "unc_scale_down_pb": -0.002054359999999998,
            "unc_pdf_up_pb": 0.0036659847663997793,
            "unc_pdf_down_pb": -0.0036659847663997793
        },
        "140": {
            "xsec_pb": 0.090733032,
            "unc_up_pb": 0.0030436341600289505,
            "unc_down_pb": -0.0031675681212083293,
            "unc_scale_up_pb": 0.0011294570000000073,
            "unc_scale_down_pb": -0.0014301930000000032,
            "unc_pdf_up_pb": 0.0028263113390506332,
            "unc_pdf_down_pb": -0.0028263113390506332
        },
        "150": {
            "xsec_pb": 0.070156228,
            "unc_up_pb": 0.0024013324911302328,
            "unc_down_pb": -0.0024653925754898956,
            "unc_scale_up_pb": 0.000833288999999994,
            "unc_scale_down_pb": -0.001003062000000006,
            "unc_pdf_up_pb": 0.002252116154961088,
            "unc_pdf_down_pb": -0.002252116154961088
        },
        "160": {
            "xsec_pb": 0.055082918,
            "unc_up_pb": 0.0020093226992388517,
            "unc_down_pb": -0.002027471942268124,
            "unc_scale_up_pb": 0.0006565340000000038,
            "unc_scale_down_pb": -0.0007101420000000004,
            "unc_pdf_up_pb": 0.0018990368128397328,
            "unc_pdf_down_pb": -0.0018990368128397328
        },
        "170": {
            "xsec_pb": 0.043850885,
            "unc_up_pb": 0.0015576357007950773,
            "unc_down_pb": -0.0015628616733749665,
            "unc_scale_up_pb": 0.0004997760000000004,
            "unc_scale_down_pb": -0.0005158330000000003,
            "unc_pdf_up_pb": 0.0014752806262590809,
            "unc_pdf_down_pb": -0.0014752806262590809
        },
        "180": {
            "xsec_pb": 0.035326075,
            "unc_up_pb": 0.001278993081951437,
            "unc_down_pb": -0.0012702195806708607,
            "unc_scale_up_pb": 0.0003978490000000022,
            "unc_scale_down_pb": -0.0003686709999999975,
            "unc_pdf_up_pb": 0.001215540816623879,
            "unc_pdf_down_pb": -0.001215540816623879
        },
        "190": {
            "xsec_pb": 0.028766094,
            "unc_up_pb": 0.0010675979723291647,
            "unc_down_pb": -0.0010571030119725026,
            "unc_scale_up_pb": 0.00031407499999999873,
            "unc_scale_down_pb": -0.00027630499999999926,
            "unc_pdf_up_pb": 0.0010203540193953963,
            "unc_pdf_down_pb": -0.0010203540193953963
        },
        "200": {
            "xsec_pb": 0.02364297,
            "unc_up_pb": 0.0008924541820603481,
            "unc_down_pb": -0.0008802293739139807,
            "unc_scale_up_pb": 0.000253564999999999,
            "unc_scale_down_pb": -0.0002064570000000019,
            "unc_pdf_up_pb": 0.0008556747383509703,
            "unc_pdf_down_pb": -0.0008556747383509703
        },
        "210": {
            "xsec_pb": 0.019600479,
            "unc_up_pb": 0.000752141296845697,
            "unc_down_pb": -0.0007439956803031359,
            "unc_scale_up_pb": 0.0001976799999999987,
            "unc_scale_down_pb": -0.0001639829999999995,
            "unc_pdf_up_pb": 0.0007256990753891911,
            "unc_pdf_down_pb": -0.0007256990753891911
        },
        "220": {
            "xsec_pb": 0.016374022,
            "unc_up_pb": 0.0006449149774322498,
            "unc_down_pb": -0.0006380695111196241,
            "unc_scale_up_pb": 0.00015713900000000058,
            "unc_scale_down_pb": -0.00012613499999999944,
            "unc_pdf_up_pb": 0.0006254779474893081,
            "unc_pdf_down_pb": -0.0006254779474893081
        },
        "230": {
            "xsec_pb": 0.013767155,
            "unc_up_pb": 0.0005467779600069875,
            "unc_down_pb": -0.0005426213833313272,
            "unc_scale_up_pb": 0.0001191509999999979,
            "unc_scale_down_pb": -9.833000000000064e-05,
            "unc_pdf_up_pb": 0.0005336376830288534,
            "unc_pdf_down_pb": -0.0005336376830288534
        },
        "240": {
            "xsec_pb": 0.01165046,
            "unc_up_pb": 0.00047133337254743517,
            "unc_down_pb": -0.0004673648998801028,
            "unc_scale_up_pb": 9.817900000000032e-05,
            "unc_scale_down_pb": -7.690200000000022e-05,
            "unc_pdf_up_pb": 0.0004609946117211554,