{
    "initial state": "pp",
    "order": "NNLOapprox+NNLL",
    "source": "hepi-0.2.17.3",
    "contact": "Alexander Puck Neuwirth <alexander@neuwirth-informatik.de>",
    "tool": "Resummino-resummino 3.1.2-dev",
    "process_latex": "$\\overline{d}\\overline{d}$",
    "comment": "",
    "reference": "?",
    "Ecom [GeV]": "13600.0",
    "process_id": "pp_13600.0_-1_-1",
    "PDF set": "PDF4LHC21_40",
    "parameters": [
        [
            "mass_1000011_2000011_1000012_1000013_2000013_1000014_1000015_2000015_1000016"
        ]
    ],
    "data": {
        "50.0": {
            "xsec_pb": 1.1864511,
            "unc_up_pb": 0.051963302951663556,
            "unc_down_pb": -0.07233453516078163,
            "unc_scale_up_pb": 0.04107010000000011,
            "unc_scale_down_pb": -0.06495269999999997,
            "unc_pdf_up_pb": 0.03183444266256842,
            "unc_pdf_down_pb": -0.03183444266256842
        },
        "80.0": {
            "xsec_pb": 0.25929235,
            "unc_up_pb": 0.00930617349808338,
            "unc_down_pb": -0.011200219405798626,
            "unc_scale_up_pb": 0.0053469000000000155,
            "unc_scale_down_pb": -0.00821153999999999,
            "unc_pdf_up_pb": 0.007616792341033645,
            "unc_pdf_down_pb": -0.007616792341033645
        },
        "100.0": {
            "xsec_pb": 0.12403496,
            "unc_up_pb": 0.00432273729529837,
            "unc_down_pb": -0.004810890121158853,
            "unc_scale_up_pb": 0.002062920000000003,
            "unc_scale_down_pb": -0.0029519899999999946,
            "unc_pdf_up_pb": 0.003798739106304058,
            "unc_pdf_down_pb": -0.0037987391063040304
        },
        "150.0": {
            "xsec_pb": 0.030851753,
            "unc_up_pb": 0.0010894495588091783,
            "unc_down_pb": -0.0011073117497604336,
            "unc_scale_up_pb": 0.00037742900000000204,
            "unc_scale_down_pb": -0.00042625299999999797,
            "unc_pdf_up_pb": 0.001021982236219652,
            "unc_pdf_down_pb": -0.001021982236219645
        },
        "200.0": {
            "xsec_pb": 0.010916939,
            "unc_up_pb": 0.0004199534487784463,
            "unc_down_pb": -0.0004142647985828751,
            "unc_scale_up_pb": 0.00011762999999999878,
            "unc_scale_down_pb": -9.534800000000031e-05,
            "unc_pdf_up_pb": 0.0004031427566519219,
            "unc_pdf_down_pb": -0.0004031427566519219
        },
        "250.0": {
            "xsec_pb": 0.0047037585,
            "unc_up_pb": 0.0001974657078956656,
            "unc_down_pb": -0.0001950770342495659,
            "unc_scale_up_pb": 4.248369999999965e-05,
            "unc_scale_down_pb": -2.9448400000001065e-05,
            "unc_pdf_up_pb": 0.0001928414919799323,
            "unc_pdf_down_pb": -0.0001928414919799323
        },
        "300.0": {
            "xsec_pb": 0.0022957795,
            "unc_up_pb": 0.00010482925910008132,
            "unc_down_pb": -0.00010404371032888997,
            "unc_scale_up_pb": 1.729040000000002e-05,
            "unc_scale_down_pb": -1.161369999999975e-05,
            "unc_pdf_up_pb": 0.0001033934989799261,
            "unc_pdf_down_pb": -0.0001033934989799261
        },
        "350.0": {
            "xsec_pb": 0.0012214372,
            "unc_up_pb": 6.132966215924129e-05,
            "unc_down_pb": -6.100573166118639e-05,
            "unc_scale_up_pb": 8.255699999999895e-06,
            "unc_scale_down_pb": -5.3412000000000294e-06,
            "unc_pdf_up_pb": 6.077146434040139e-05,
            "unc_pdf_down_pb": -6.077146434040139e-05
        },
        "400.0": {
            "xsec_pb": 0.00069246924,
            "unc_up_pb": 3.8076781467967105e-05,
            "unc_down_pb": -3.7924598232868995e-05,
            "unc_scale_up_pb": 4.274680000000014e-06,
            "unc_scale_down_pb": -2.589740000000023e-06,
            "unc_pdf_up_pb": 3.7836072706571e-05,
            "unc_pdf_down_pb": -3.7836072706571e-05
        },
        "450.0": {
            "xsec_pb": 0.00041216645,
            "unc_up_pb": 2.487395518743711e-05,
            "unc_down_pb": -2.480701624568804e-05,
            "unc_scale_up_pb": 2.3196800000000774e-06,
            "unc_scale_down_pb": -1.4336399999999479e-06,
            "unc_pdf_up_pb": 2.4765555341324973e-05,
            "unc_pdf_down_pb": -2.4765555341324973e-05
        },
        "500.0": {
            "xsec_pb": 0.00025482019,
            "unc_up_pb": 1.6916559956207096e-05,
            "unc_down_pb": -1.6883957454170808e-05,
            "unc_scale_up_pb": 1.3170099999999612e-06,
            "unc_scale_down_pb": -7.953200000000444e-07,
            "unc_pdf_up_pb": 1.6865215249496513e-05,
            "unc_pdf_down_pb": -1.6865215249496513e-05
        },
        "550.0": {
            "xsec_pb": 0.00016247392,
            "unc_up_pb": 1.1801472823986203e-05,
            "unc_down_pb": -1.1783933739256388e-05,
            "unc_scale_up_pb": 7.859500000000124e-07,
            "unc_scale_down_pb": -4.517200000000093e-07,
            "unc_pdf_up_pb": 1.1775272540913221e-05,
            "unc_pdf_down_pb": -1.1775272540913221e-05
        },
        "600.0": {
            "xsec_pb": 0.00010628284,
            "unc_up_pb": 8.467853460391374e-06,
            "unc_down_pb": -8.458603576162093e-06,
            "unc_scale_up_pb": 4.808899999999967e-07,
            "unc_scale_down_pb": -2.7329000000000226e-07,
            "unc_pdf_up_pb": 8.45418754432158e-06,
            "unc_pdf_down_pb": -8.45418754432158e-06
        },
        "650.0": {
            "xsec_pb": 7.1034644e-05,
            "unc_up_pb": 6.260515574993266e-06,
            "unc_down_pb": -6.2550201622263606e-06,
            "unc_scale_up_pb": 3.1083000000001274e-07,
            "unc_scale_down_pb": -1.6684499999998942e-07,
            "unc_pdf_up_pb": 6.25279457329547e-06,
            "unc_pdf_down_pb": -6.25279457329547e-06
        },
        "700.0": {
            "xsec_pb": 4.8353061e-05,
            "unc_up_pb": 4.7032159346423615e-06,
            "unc_down_pb": -4.7003571638786955e-06,
            "unc_scale_up_pb": 1.9806700000000042e-07,
            "unc_scale_down_pb": -1.1112100000000046e-07,
            "unc_pdf_up_pb": 4.699043476217771e-06,
            "unc_pdf_down_pb": -4.699043476217771e-06
        },
        "750.0": {
            "xsec_pb": 3.34335e-05,
            "unc_up_pb": 3.5970515000147427e-06,
            "unc_down_pb": -3.5950273766766185e-06,
            "unc_scale_up_pb": 1.3942300000001047e-07,
            "unc_scale_down_pb": -6.986499999998819e-08,
            "unc_pdf_up_pb": 3.59434844176651e-06,
            "unc_pdf_down_pb": -3.59434844176651e-06
        },
        "800.0": {
            "xsec_pb": 2.3437724e-05,
            "unc_up_pb": 2.79949528348366e-06,
            "unc_down_pb": -2.7981672665833e-06,
            "unc_scale_up_pb": 9.71870000000008e-08,
            "unc_scale_down_pb": -4.485000000000009e-08,
            "unc_pdf_up_pb": 2.797807807780631e-06,
            "unc_pdf_down_pb": -2.797807807780631e-06
        },
        "850.0": {
            "xsec_pb": 1.6628765e-05,
            "unc_up_pb": 2.220822337621043e-06,
            "unc_down_pb": -2.2200087239920047e-06,
            "unc_scale_up_pb": 6.677399999999964e-08,
            "unc_scale_down_pb": -2.9080000000001422e-08,
            "unc_pdf_up_pb": 2.219818255668829e-06,
            "unc_pdf_down_pb": -2.219818255668829e-06
        },
        "900.0": {
            "xsec_pb": 1.1924878e-05,
            "unc_up_pb": 1.7740870794271332e-06,
            "unc_down_pb": -1.7733680235614647e-06,
            "unc_scale_up_pb": 5.4261999999999854e-08,
            "unc_scale_down_pb": -1.9837999999999995e-08,
            "unc_pdf_up_pb": 1.7732570599736225e-06,
            "unc_pdf_down_pb": -1.7732570599736225e-06
        },
        "950.0": {
            "xsec_pb": 8.6344601e-06,
            "unc_up_pb": 1.430822557382401e-06,
            "unc_down_pb": -1.4303816906144531e-06,