{
    "initial state": "pp",
    "order": "NNLOapprox+NNLL",
    "source": "hepi-0.2.17.3",
    "contact": "Alexander Puck Neuwirth <alexander@neuwirth-informatik.de>",
    "tool": "Resummino-resummino 3.1.2-dev",
    "process_latex": "$\\overline{d}\\overline{d}$",
    "comment": "",
    "reference": "?",
    "Ecom [GeV]": "13600.0",
    "process_id": "pp_13600.0_-1_-1",
    "PDF set": "PDF4LHC21_40",
    "parameters": [
        [
            "mass_1000011_2000011_1000012_1000013_2000013_1000014_1000015_2000015_1000016"
        ]
    ],
    "data": {
        "50.0": {
            "xsec_pb": 4.5210057,
            "unc_up_pb": 0.20158954267967266,
            "unc_down_pb": -0.28742033234106634,
            "unc_scale_up_pb": 0.1755841999999994,
            "unc_scale_down_pb": -0.26981830000000073,
            "unc_pdf_up_pb": 0.09903803525999139,
            "unc_pdf_down_pb": -0.09903803525999139
        },
        "75.0": {
            "xsec_pb": 0.83770553,
            "unc_up_pb": 0.028128383551969276,
            "unc_down_pb": -0.0358136512773593,
            "unc_scale_up_pb": 0.019462800000000002,
            "unc_scale_down_pb": -0.029499360000000086,
            "unc_pdf_up_pb": 0.020307766430769657,
            "unc_pdf_down_pb": -0.020307766430769657
        },
        "80.0": {
            "xsec_pb": 0.66338749,
            "unc_up_pb": 0.021787354203874294,
            "unc_down_pb": -0.02691781561375623,
            "unc_scale_up_pb": 0.014467670000000044,
            "unc_scale_down_pb": -0.021428799999999915,
            "unc_pdf_up_pb": 0.016290344624230017,
            "unc_pdf_down_pb": -0.016290344624230017
        },
        "100.0": {
            "xsec_pb": 0.300203,
            "unc_up_pb": 0.009500768962820236,
            "unc_down_pb": -0.010781193984025526,
            "unc_scale_up_pb": 0.005134289999999986,
            "unc_scale_down_pb": -0.007233979999999973,
            "unc_pdf_up_pb": 0.007993977550680794,
            "unc_pdf_down_pb": -0.007993977550680794
        },
        "150.0": {
            "xsec_pb": 0.070768183,
            "unc_up_pb": 0.002352828286883525,
            "unc_down_pb": -0.0024063185360642184,
            "unc_scale_up_pb": 0.0008597870000000007,
            "unc_scale_down_pb": -0.0009968959999999971,
            "unc_pdf_up_pb": 0.0021901066782671237,
            "unc_pdf_down_pb": -0.0021901066782671237
        },
        "200.0": {
            "xsec_pb": 0.024506455,
            "unc_up_pb": 0.0008873525885236801,
            "unc_down_pb": -0.0008747613141632853,
            "unc_scale_up_pb": 0.00026013800000000004,
            "unc_scale_down_pb": -0.000213271000000001,
            "unc_pdf_up_pb": 0.0008483648020254474,
            "unc_pdf_down_pb": -0.0008483648020254474
        },
        "250.0": {
            "xsec_pb": 0.010434594,
            "unc_up_pb": 0.00042155402664833646,
            "unc_down_pb": -0.0004164622370568865,
            "unc_scale_up_pb": 9.291700000000052e-05,
            "unc_scale_down_pb": -6.607999999999874e-05,
            "unc_pdf_up_pb": 0.00041118636710672497,
            "unc_pdf_down_pb": -0.00041118636710672497
        },
        "300.0": {
            "xsec_pb": 0.0050530067,
            "unc_up_pb": 0.00022585117310491525,
            "unc_down_pb": -0.00022421573115822264,
            "unc_scale_up_pb": 3.7792099999999634e-05,
            "unc_scale_down_pb": -2.6309400000000538e-05,
            "unc_pdf_up_pb": 0.0002226668129076634,
            "unc_pdf_down_pb": -0.0002226668129076634
        },
        "350.0": {
            "xsec_pb": 0.002672533,
            "unc_up_pb": 0.00013084430227385652,
            "unc_down_pb": -0.00013012439362503222,
            "unc_scale_up_pb": 1.7900100000000198e-05,
            "unc_scale_down_pb": -1.1512599999999535e-05,
            "unc_pdf_up_pb": 0.0001296141113363909,
            "unc_pdf_down_pb": -0.0001296141113363909
        },
        "400.0": {
            "xsec_pb": 0.0015085701,
            "unc_up_pb": 8.15609926387544e-05,
            "unc_down_pb": -8.124122452529231e-05,
            "unc_scale_up_pb": 9.265900000000361e-06,
            "unc_scale_down_pb": -5.813599999999683e-06,
            "unc_pdf_up_pb": 8.103294772750743e-05,
            "unc_pdf_down_pb": -8.103294772750743e-05
        },
        "450.0": {
            "xsec_pb": 0.00089423951,
            "unc_up_pb": 5.26377843898414e-05,
            "unc_down_pb": -5.249418828883281e-05,
            "unc_scale_up_pb": 5.001229999999977e-06,
            "unc_scale_down_pb": -3.148929999999988e-06,
            "unc_pdf_up_pb": 5.239965690687804e-05,
            "unc_pdf_down_pb": -5.239965690687804e-05
        },
        "500.0": {
            "xsec_pb": 0.00055096397,
            "unc_up_pb": 3.5610465046968714e-05,
            "unc_down_pb": -3.553994216824465e-05,
            "unc_scale_up_pb": 2.8233399999998848e-06,
            "unc_scale_down_pb": -1.7185800000000672e-06,
            "unc_pdf_up_pb": 3.5498365766690974e-05,
            "unc_pdf_down_pb": -3.5498365766690974e-05
        },
        "550.0": {
            "xsec_pb": 0.00035021583,
            "unc_up_pb": 2.472279662989341e-05,
            "unc_down_pb": -2.4684028909907897e-05,
            "unc_scale_up_pb": 1.6856999999999896e-06,
            "unc_scale_down_pb": -9.62390000000036e-07,
            "unc_pdf_up_pb": 2.4665260767181623e-05,
            "unc_pdf_down_pb": -2.4665260767181623e-05
        },
        "600.0": {
            "xsec_pb": 0.0002284567,
            "unc_up_pb": 1.768483031874693e-05,
            "unc_down_pb": -1.7664604176781598e-05,
            "unc_scale_up_pb": 1.026989999999988e-06,
            "unc_scale_down_pb": -5.828600000000217e-07,
            "unc_pdf_up_pb": 1.7654985554872885e-05,
            "unc_pdf_down_pb": -1.7654985554872885e-05
        },
        "650.0": {
            "xsec_pb": 0.00015226271,
            "unc_up_pb": 1.2936804271492195e-05,
            "unc_down_pb": -1.2924015075962224e-05,
            "unc_scale_up_pb": 6.730899999999777e-07,
            "unc_scale_down_pb": -3.497300000000167e-07,
            "unc_pdf_up_pb": 1.2919282279244415e-05,
            "unc_pdf_down_pb": -1.2919282279244415e-05
        },
        "700.0": {
            "xsec_pb": 0.00010336761,
            "unc_up_pb": 9.656635382653675e-06,
            "unc_down_pb": -9.648798939661819e-06,
            "unc_scale_up_pb": 4.4933999999999187e-07,
            "unc_scale_down_pb": -2.2499000000000477e-07,
            "unc_pdf_up_pb": 9.646175432673768e-06,
            "unc_pdf_down_pb": -9.646175432673768e-06
        },
        "750.0": {
            "xsec_pb": 7.1293764e-05,
            "unc_up_pb": 7.347849196256991e-06,
            "unc_down_pb": -7.34280369757646e-06,
            "unc_scale_up_pb": 3.0734599999998857e-07,
            "unc_scale_down_pb": -1.4261800000001714e-07,
            "unc_pdf_up_pb": 7.341418544615102e-06,
            "unc_pdf_down_pb": -7.341418544615102e-06
        },
        "800.0": {
            "xsec_pb": 4.9852358e-05,
            "unc_up_pb": 5.701504119327274e-06,
            "unc_down_pb": -5.698746084808556e-06,
            "unc_scale_up_pb": 2.0176099999999185e-07,
            "unc_scale_down_pb": -9.625600000000411e-08,
            "unc_pdf_up_pb": 5.6979331096095595e-06,
            "unc_pdf_down_pb": -5.6979331096095595e-06
        },
        "850.0": {
            "xsec_pb": 3.5278651e-05,
            "unc_up_pb": 4.484656000331316e-06,
            "unc_down_pb": -4.482825319600204e-06,
            "unc_scale_up_pb": 1.419779999999927e-07,
            "unc_scale_down_pb": -6.1165000000003e-08,
            "unc_pdf_up_pb": 4.48240802346503e-06,
            "unc_pdf_down_pb": -4.48240802346503e-06
        },
        "900.0": {
            "xsec_pb": 2.5233769e-05,
            "unc_up_pb": 3.5578709112511164e-06,
            "unc_down_pb": -3.5564761776078135e-06,