{
    "initial state": "pp",
    "order": "NNLOapprox+NNLL",
    "source": "hepi-0.2.17.3",
    "contact": "Alexander Puck Neuwirth <alexander@neuwirth-informatik.de>",
    "tool": "Resummino-resummino 3.1.2-dev",
    "process_latex": "$\\tilde{e}_{L}^{+}\\tilde{\\nu}_{eL}$",
    "comment": "0.0.0",
    "reference": "?",
    "Ecom [GeV]": "13600",
    "process_id": "pp_13600_-1000011_1000012",
    "PDF set": "PDF4LHC21_40",
    "parameters": [
        [
            "mass_-1000011_1000012"
        ]
    ],
    "data": {
        "50": {
            "xsec_pb": 13.9516,
            "unc_up_pb": 1.0968690446326195,
            "unc_down_pb": -1.0349548448049648,
            "unc_scale_up_pb": 1.0365730000000015,
            "unc_scale_down_pb": -0.9708209999999982,
            "unc_pdf_up_pb": 0.358661562959111,
            "unc_pdf_down_pb": -0.358661562959111
        },
        "60": {
            "xsec_pb": 6.0666054,
            "unc_up_pb": 0.460866238824803,
            "unc_down_pb": -0.37152470822760914,
            "unc_scale_up_pb": 0.43162539999999927,
            "unc_scale_down_pb": -0.3345645000000004,
            "unc_pdf_up_pb": 0.1615462910851263,
            "unc_pdf_down_pb": -0.1615462910851263
        },
        "70": {
            "xsec_pb": 3.2717199,
            "unc_up_pb": 0.24092204539414386,
            "unc_down_pb": -0.19621646093541045,
            "unc_scale_up_pb": 0.2228627999999997,
            "unc_scale_down_pb": -0.17356640000000034,
            "unc_pdf_up_pb": 0.09151832785326475,
            "unc_pdf_down_pb": -0.09151832785326475
        },
        "80": {
            "xsec_pb": 1.9740351,
            "unc_up_pb": 0.14182312396712662,
            "unc_down_pb": -0.11654605456571623,
            "unc_scale_up_pb": 0.12977360000000004,
            "unc_scale_down_pb": -0.10153999999999996,
            "unc_pdf_up_pb": 0.05720674116601037,
            "unc_pdf_down_pb": -0.057206741166010815
        },
        "90": {
            "xsec_pb": 1.2798244,
            "unc_up_pb": 0.09019084262737168,
            "unc_down_pb": -0.07461341910531519,
            "unc_scale_up_pb": 0.08163469999999995,
            "unc_scale_down_pb": -0.06400780000000017,
            "unc_pdf_up_pb": 0.03834271573252688,
            "unc_pdf_down_pb": -0.03834271573252688
        },
        "100": {
            "xsec_pb": 0.8737589,
            "unc_up_pb": 0.06053465344410294,
            "unc_down_pb": -0.05040112666094412,
            "unc_scale_up_pb": 0.05419810000000008,
            "unc_scale_down_pb": -0.042582430000000004,
            "unc_pdf_up_pb": 0.026963127118115108,
            "unc_pdf_down_pb": -0.026963127118115108
        },
        "110": {
            "xsec_pb": 0.6200433,
            "unc_up_pb": 0.04235467806136174,
            "unc_down_pb": -0.035561605777174835,
            "unc_scale_up_pb": 0.03742790000000007,
            "unc_scale_down_pb": -0.029522139999999975,
            "unc_pdf_up_pb": 0.0198260196527592,
            "unc_pdf_down_pb": -0.0198260196527592
        },
        "120": {
            "xsec_pb": 0.45387166,
            "unc_up_pb": 0.030595152975325682,
            "unc_down_pb": -0.02588570467855146,
            "unc_scale_up_pb": 0.026704249999999985,
            "unc_scale_down_pb": -0.021145289999999983,
            "unc_pdf_up_pb": 0.01493139034119332,
            "unc_pdf_down_pb": -0.01493139034119332
        },
        "130": {
            "xsec_pb": 0.34054141,
            "unc_up_pb": 0.02276511238399214,
            "unc_down_pb": -0.01939538115832195,
            "unc_scale_up_pb": 0.01961196000000001,
            "unc_scale_down_pb": -0.015574319999999947,
            "unc_pdf_up_pb": 0.01155947087085701,
            "unc_pdf_down_pb": -0.01155947087085701
        },
        "140": {
            "xsec_pb": 0.26088157,
            "unc_up_pb": 0.017306162103629195,
            "unc_down_pb": -0.014829826542903067,
            "unc_scale_up_pb": 0.014730609999999991,
            "unc_scale_down_pb": -0.011722259999999998,
            "unc_pdf_up_pb": 0.009083632301287411,
            "unc_pdf_down_pb": -0.009083632301287411
        },
        "150": {
            "xsec_pb": 0.20338443,
            "unc_up_pb": 0.013442886148439435,
            "unc_down_pb": -0.011582038056918341,
            "unc_scale_up_pb": 0.011281980000000011,
            "unc_scale_down_pb": -0.008984179999999994,
            "unc_pdf_up_pb": 0.00730945382908359,
            "unc_pdf_down_pb": -0.00730945382908359
        },
        "160": {
            "xsec_pb": 0.16099028,
            "unc_up_pb": 0.0105850468395962,
            "unc_down_pb": -0.009204167082036573,
            "unc_scale_up_pb": 0.008782250000000005,
            "unc_scale_down_pb": -0.007057009999999989,
            "unc_pdf_up_pb": 0.005908917120246791,
            "unc_pdf_down_pb": -0.005908917120246791
        },
        "170": {
            "xsec_pb": 0.12909729,
            "unc_up_pb": 0.008483005751775647,
            "unc_down_pb": -0.007420054399811266,
            "unc_scale_up_pb": 0.006932210000000001,
            "unc_scale_down_pb": -0.005581339999999997,
            "unc_pdf_up_pb": 0.004889361011477738,
            "unc_pdf_down_pb": -0.004889361011477738
        },
        "180": {
            "xsec_pb": 0.10465951,
            "unc_up_pb": 0.006912289500649213,
            "unc_down_pb": -0.006015109788257015,
            "unc_scale_up_pb": 0.005574429999999998,
            "unc_scale_down_pb": -0.004413170000000001,
            "unc_pdf_up_pb": 0.004087233332694054,
            "unc_pdf_down_pb": -0.004087233332694054
        },
        "190": {
            "xsec_pb": 0.08575469,
            "unc_up_pb": 0.005668139263179769,
            "unc_down_pb": -0.004954235576682727,
            "unc_scale_up_pb": 0.004508333999999996,
            "unc_scale_down_pb": -0.003569554999999995,
            "unc_pdf_up_pb": 0.0034355097512951396,
            "unc_pdf_down_pb": -0.0034355097512951396
        },
        "200": {
            "xsec_pb": 0.070908322,
            "unc_up_pb": 0.004733087404704241,
            "unc_down_pb": -0.004108328275440389,
            "unc_scale_up_pb": 0.0037459260000000175,
            "unc_scale_down_pb": -0.002916882999999988,
            "unc_pdf_up_pb": 0.0028931219786061477,
            "unc_pdf_down_pb": -0.0028931219786061477
        },
        "210": {
            "xsec_pb": 0.059117794,
            "unc_up_pb": 0.004015509055398613,
            "unc_down_pb": -0.0034726792204451094,
            "unc_scale_up_pb": 0.003142948999999999,
            "unc_scale_down_pb": -0.002411082000000002,
            "unc_pdf_up_pb": 0.0024992367949810703,
            "unc_pdf_down_pb": -0.0024992367949810703
        },
        "220": {
            "xsec_pb": 0.049634167,
            "unc_up_pb": 0.003424700226625433,
            "unc_down_pb": -0.0029376028259993393,
            "unc_scale_up_pb": 0.0026659349999999978,
            "unc_scale_down_pb": -0.002002036000000002,
            "unc_pdf_up_pb": 0.0021497353832561107,
            "unc_pdf_down_pb": -0.0021497353832561107
        },
        "230": {
            "xsec_pb": 0.041963134,
            "unc_up_pb": 0.0029077357851927258,
            "unc_down_pb": -0.0024876649395698955,
            "unc_scale_up_pb": 0.0022526549999999958,
            "unc_scale_down_pb": -0.0016757100000000004,
            "unc_pdf_up_pb": 0.001838606224145162,
            "unc_pdf_down_pb": -0.001838606224145162
        },
        "240": {
            "xsec_pb": 0.035685874,
            "unc_up_pb": 0.0025079874494191683,
            "unc_down_pb": -0.002137667247986929,
            "unc_scale_up_pb": 0.0019280570000000004,
            "unc_scale_down_pb": -0.0014131609999999996,
            "unc_pdf_up_pb": 0.0016039318100203122,
            "unc_pdf_down_pb": -0.0016039318100203122
        },
        "250": {
            "xsec_pb": 0.030519015,